symbol,date,close,high,low,open,volume
GOOG,2017-10-12 00:00:00+00:00,987.83,994.12,985.0,987.45,1259082
GOOG,2017-10-13 00:00:00+00:00,989.68,997.21,989.0,992.0,1143907
GOOG,2017-10-16 00:00:00+00:00,992.0,993.9065,984.0,992.1,900751
GOOG,2017-10-17 00:00:00+00:00,992.18,996.44,988.59,990.29,1266399
GOOG,2017-10-18 00:00:00+00:00,992.81,996.72,986.9747,991.77,1022521
GOOG,2017-10-19 00:00:00+00:00,984.45,988.88,978.39,986.0,1282755
GOOG,2017-10-20 00:00:00+00:00,988.2,991.0,984.58,989.44,1120038
GOOG,2017-10-23 00:00:00+00:00,968.45,989.52,966.12,989.52,1431886
GOOG,2017-10-24 00:00:00+00:00,970.54,972.23,961.0,970.0,1155231
GOOG,2017-10-25 00:00:00+00:00,973.33,976.09,960.5201,968.37,1162606
GOOG,2017-10-26 00:00:00+00:00,972.56,987.6,972.2,980.0,1660850
GOOG,2017-10-27 00:00:00+00:00,1019.27,1048.39,1008.2,1009.19,5125791
GOOG,2017-10-30 00:00:00+00:00,1017.11,1024.97,1007.5,1014.0,2074619
GOOG,2017-10-31 00:00:00+00:00,1016.64,1024.0,1010.42,1015.22,1324961
GOOG,2017-11-01 00:00:00+00:00,1025.5,1029.67,1016.95,1017.21,1360900
GOOG,2017-11-02 00:00:00+00:00,1025.58,1028.09,1013.01,1021.76,1008190
GOOG,2017-11-03 00:00:00+00:00,1032.48,1032.65,1020.31,1022.11,1058037
GOOG,2017-11-06 00:00:00+00:00,1025.9,1034.87,1025.0,1028.99,1119131
GOOG,2017-11-07 00:00:00+00:00,1033.33,1033.97,1025.13,1027.27,1089887
GOOG,2017-11-08 00:00:00+00:00,1039.85,1043.52,1028.45,1030.52,946210
GOOG,2017-11-09 00:00:00+00:00,1031.26,1033.99,1019.67,1033.99,1236903
GOOG,2017-11-10 00:00:00+00:00,1028.07,1030.76,1025.28,1026.46,719227
GOOG,2017-11-13 00:00:00+00:00,1025.75,1031.58,1022.57,1023.42,878969
GOOG,2017-11-14 00:00:00+00:00,1026.0,1026.81,1014.15,1022.59,947273
GOOG,2017-11-15 00:00:00+00:00,1020.91,1024.09,1015.42,1019.21,859951
GOOG,2017-11-16 00:00:00+00:00,1032.5,1035.92,1022.52,1022.52,1129423
GOOG,2017-11-17 00:00:00+00:00,1019.09,1034.42,1017.75,1034.01,1350144
GOOG,2017-11-20 00:00:00+00:00,1018.38,1022.61,1017.5,1020.26,894844
GOOG,2017-11-21 00:00:00+00:00,1034.49,1035.11,1022.66,1023.31,1083715
GOOG,2017-11-22 00:00:00+00:00,1035.96,1039.71,1031.43,1035.0,716661
GOOG,2017-11-24 00:00:00+00:00,1040.61,1043.18,1035.0,1035.87,536958
GOOG,2017-11-27 00:00:00+00:00,1054.21,1055.46,1038.44,1040.0,1284354
GOOG,2017-11-28 00:00:00+00:00,1047.41,1062.38,1040.0,1055.09,1341000
GOOG,2017-11-29 00:00:00+00:00,1021.66,1044.08,1015.65,1042.68,2438875
GOOG,2017-11-30 00:00:00+00:00,1021.41,1028.49,1015.0,1022.37,1722913
GOOG,2017-12-01 00:00:00+00:00,1010.17,1022.49,1002.02,1015.8,1908944
GOOG,2017-12-04 00:00:00+00:00,998.68,1016.1,995.57,1012.66,1891408
GOOG,2017-12-05 00:00:00+00:00,1005.15,1020.61,988.28,995.94,2023376
GOOG,2017-12-06 00:00:00+00:00,1018.38,1024.97,1001.14,1001.5,1254837
GOOG,2017-12-07 00:00:00+00:00,1030.93,1034.24,1018.07,1020.43,1387107
GOOG,2017-12-08 00:00:00+00:00,1037.05,1042.05,1032.522,1037.49,1277894
GOOG,2017-12-11 00:00:00+00:00,1041.1,1043.8,1032.05,1035.5,1119052
GOOG,2017-12-12 00:00:00+00:00,1040.48,1050.31,1033.69,1039.63,1269883
GOOG,2017-12-13 00:00:00+00:00,1040.61,1046.665,1038.38,1046.12,1207286
GOOG,2017-12-14 00:00:00+00:00,1049.15,1058.5,1043.11,1045.0,1545616
GOOG,2017-12-15 00:00:00+00:00,1064.19,1067.62,1049.5,1054.61,3142760
GOOG,2017-12-18 00:00:00+00:00,1077.14,1078.49,1062.0,1066.08,1531522
GOOG,2017-12-19 00:00:00+00:00,1070.68,1076.84,1063.55,1075.2,1254615
GOOG,2017-12-20 00:00:00+00:00,1064.95,1073.38,1061.52,1071.78,1266115
GOOG,2017-12-21 00:00:00+00:00,1063.63,1069.33,1061.794,1064.95,974594
GOOG,2017-12-22 00:00:00+00:00,1060.12,1064.2,1059.44,1061.11,734566
GOOG,2017-12-26 00:00:00+00:00,1056.74,1060.12,1050.2,1058.07,756324
GOOG,2017-12-27 00:00:00+00:00,1049.37,1058.37,1048.05,1057.39,1214775
GOOG,2017-12-28 00:00:00+00:00,1048.14,1054.75,1044.77,1051.6,829623
GOOG,2017-12-29 00:00:00+00:00,1046.4,1049.7,1044.9,1046.72,867943
GOOG,2018-01-02 00:00:00+00:00,1065.0,1066.94,1045.23,1048.34,1223114
GOOG,2018-01-03 00:00:00+00:00,1082.48,1086.29,1063.21,1064.31,1416093
GOOG,2018-01-04 00:00:00+00:00,1086.4,1093.57,1084.002,1088.0,990510
GOOG,2018-01-05 00:00:00+00:00,1102.23,1104.25,1092.0,1094.0,1210974
GOOG,2018-01-08 00:00:00+00:00,1106.94,1111.27,1101.62,1102.23,1003098
GOOG,2018-01-09 00:00:00+00:00,1106.26,1110.57,1101.231,1109.4,897400
GOOG,2018-01-10 00:00:00+00:00,1102.61,1104.6,1096.11,1097.1,1038917
GOOG,2018-01-11 00:00:00+00:00,1105.52,1106.525,1099.59,1106.3,962696
GOOG,2018-01-12 00:00:00+00:00,1122.26,1124.29,1101.15,1102.41,1701377
GOOG,2018-01-16 00:00:00+00:00,1121.76,1139.91,1117.832,1132.51,1539230
GOOG,2018-01-17 00:00:00+00:00,1131.98,1132.6,1117.01,1126.22,1146089
GOOG,2018-01-18 00:00:00+00:00,1129.79,1132.51,1117.5,1131.41,1148920
GOOG,2018-01-19 00:00:00+00:00,1137.51,1137.86,1128.3,1131.83,1361390
GOOG,2018-01-22 00:00:00+00:00,1155.81,1159.88,1135.11,1137.49,1582504
GOOG,2018-01-23 00:00:00+00:00,1169.97,1171.627,1158.75,1159.85,1199326
GOOG,2018-01-24 00:00:00+00:00,1164.24,1179.86,1161.05,1177.33,1351237
GOOG,2018-01-25 00:00:00+00:00,1170.37,1175.94,1162.76,1172.53,1326436
GOOG,2018-01-26 00:00:00+00:00,1175.84,1175.84,1158.11,1175.08,1825680
GOOG,2018-01-29 00:00:00+00:00,1175.58,1186.89,1171.98,1176.48,1299218
GOOG,2018-01-30 00:00:00+00:00,1163.69,1176.52,1163.52,1167.83,1400132
GOOG,2018-01-31 00:00:00+00:00,1169.94,1173.0,1159.13,1170.57,1486793
GOOG,2018-02-01 00:00:00+00:00,1167.7,1174.0,1157.52,1162.61,1974700
GOOG,2018-02-02 00:00:00+00:00,1111.9,1123.07,1107.278,1122.0,4758496
GOOG,2018-02-05 00:00:00+00:00,1055.8,1110.0,1052.03,1090.6,3336352
GOOG,2018-02-06 00:00:00+00:00,1080.6,1081.71,1023.137,1027.18,3360727
GOOG,2018-02-07 00:00:00+00:00,1048.58,1081.78,1048.26,1081.54,2331374
GOOG,2018-02-08 00:00:00+00:00,1001.52,1058.62,1000.66,1055.41,2720942
GOOG,2018-02-09 00:00:00+00:00,1037.78,1043.97,992.56,1017.25,3267883
GOOG,2018-02-12 00:00:00+00:00,1051.94,1061.5,1040.928,1048.0,2038875
GOOG,2018-02-13 00:00:00+00:00,1052.1,1058.37,1044.087,1045.0,1209341
GOOG,2018-02-14 00:00:00+00:00,1069.7,1071.72,1046.75,1048.95,1515444
GOOG,2018-02-15 00:00:00+00:00,1089.52,1091.479,1064.34,1079.07,1777694
GOOG,2018-02-16 00:00:00+00:00,1094.8,1104.67,1088.313,1088.41,1664969
GOOG,2018-02-20 00:00:00+00:00,1102.46,1113.95,1088.52,1090.57,1381603
GOOG,2018-02-21 00:00:00+00:00,1111.34,1133.97,1106.33,1106.47,1493162
GOOG,2018-02-22 00:00:00+00:00,1106.63,1122.82,1102.59,1116.19,1306276
GOOG,2018-02-23 00:00:00+00:00,1126.79,1127.28,1104.714,1112.64,1158377
GOOG,2018-02-26 00:00:00+00:00,1143.75,1143.96,1126.695,1127.8,1492380
GOOG,2018-02-27 00:00:00+00:00,1118.29,1144.04,1118.0,1141.24,1741578
GOOG,2018-02-28 00:00:00+00:00,1104.73,1127.53,1103.24,1123.03,1858051
GOOG,2018-03-01 00:00:00+00:00,1069.52,1110.12,1067.001,1107.87,2515910
GOOG,2018-03-02 00:00:00+00:00,1078.92,1081.999,1048.115,1053.08,2271551
GOOG,2018-03-05 00:00:00+00:00,1090.93,1097.1,1069.0,1075.14,1202174
GOOG,2018-03-06 00:00:00+00:00,1095.06,1101.85,1089.775,1099.22,1532783
GOOG,2018-03-07 00:00:00+00:00,1109.64,1112.22,1085.482,1089.19,1292537
GOOG,2018-03-08 00:00:00+00:00,1126.0,1127.6,1112.8,1115.32,1240299
GOOG,2018-03-09 00:00:00+00:00,1160.04,1160.8,1132.461,1136.0,2074952
GOOG,2018-03-12 00:00:00+00:00,1164.5,1177.05,1157.42,1163.85,2076306
GOOG,2018-03-13 00:00:00+00:00,1138.17,1176.76,1133.33,1170.0,1808098
GOOG,2018-03-14 00:00:00+00:00,1149.49,1158.59,1141.44,1145.21,1192615
GOOG,2018-03-15 00:00:00+00:00,1149.58,1161.08,1134.54,1149.96,1392521
GOOG,2018-03-16 00:00:00+00:00,1135.73,1155.88,1131.96,1154.14,2560277
GOOG,2018-03-19 00:00:00+00:00,1099.82,1121.99,1089.01,1120.01,2339506
GOOG,2018-03-20 00:00:00+00:00,1097.71,1105.2,1083.46,1099.0,1783872
GOOG,2018-03-21 00:00:00+00:00,1090.88,1106.3,1085.15,1092.74,1640709
GOOG,2018-03-22 00:00:00+00:00,1049.08,1082.9,1045.91,1081.88,2580374
GOOG,2018-03-23 00:00:00+00:00,1021.57,1063.36,1021.22,1047.03,2113497
GOOG,2018-03-26 00:00:00+00:00,1053.21,1055.63,1008.4,1046.0,2558385
GOOG,2018-03-27 00:00:00+00:00,1005.1,1064.839,996.92,1063.0,3029471
GOOG,2018-03-28 00:00:00+00:00,1004.56,1024.23,980.64,998.0,3369275
GOOG,2018-03-29 00:00:00+00:00,1031.79,1043.0,1002.9,1011.63,2726830
GOOG,2018-04-02 00:00:00+00:00,1006.47,1034.8,990.37,1022.82,2680400
GOOG,2018-04-03 00:00:00+00:00,1013.41,1020.99,994.07,1013.91,2275076
GOOG,2018-04-04 00:00:00+00:00,1025.14,1028.718,993.0,993.41,2484651
GOOG,2018-04-05 00:00:00+00:00,1027.81,1042.79,1020.131,1041.33,1363049
GOOG,2018-04-06 00:00:00+00:00,1007.04,1031.42,1003.03,1020.0,1746430
GOOG,2018-04-09 00:00:00+00:00,1015.45,1039.6,1014.08,1016.8,1751559
GOOG,2018-04-10 00:00:00+00:00,1031.64,1036.28,1011.34,1026.44,2029648
GOOG,2018-04-11 00:00:00+00:00,1019.97,1031.364,1015.87,1027.99,1483881
GOOG,2018-04-12 00:00:00+00:00,1032.51,1040.69,1021.435,1025.04,1359389
GOOG,2018-04-13 00:00:00+00:00,1029.27,1046.42,1022.98,1040.88,1223017
GOOG,2018-04-16 00:00:00+00:00,1037.98,1043.24,1026.74,1037.0,1211208
GOOG,2018-04-17 00:00:00+00:00,1074.16,1077.88,1048.26,1051.37,2320266
GOOG,2018-04-18 00:00:00+00:00,1072.08,1077.43,1066.225,1077.43,1344138
GOOG,2018-04-19 00:00:00+00:00,1087.7,1094.165,1068.18,1069.4,1747671
GOOG,2018-04-20 00:00:00+00:00,1072.96,1092.35,1069.57,1082.0,1889686
GOOG,2018-04-23 00:00:00+00:00,1067.45,1082.72,1060.7,1077.86,2341258
GOOG,2018-04-24 00:00:00+00:00,1019.98,1057.0,1010.59,1052.0,4760260
GOOG,2018-04-25 00:00:00+00:00,1021.18,1032.49,1015.31,1025.52,2391105
GOOG,2018-04-26 00:00:00+00:00,1040.04,1047.98,1018.19,1029.51,2079533
GOOG,2018-04-27 00:00:00+00:00,1030.05,1049.5,1025.59,1046.0,1619796
GOOG,2018-04-30 00:00:00+00:00,1017.33,1037.0,1016.85,1030.01,1671254
GOOG,2018-05-01 00:00:00+00:00,1037.31,1038.47,1008.21,1013.66,1427857
GOOG,2018-05-02 00:00:00+00:00,1024.38,1040.389,1022.87,1028.1,1603081
GOOG,2018-05-03 00:00:00+00:00,1023.72,1029.675,1006.29,1019.0,1815058
GOOG,2018-05-04 00:00:00+00:00,1048.21,1048.51,1016.9,1016.9,1938658
GOOG,2018-05-07 00:00:00+00:00,1054.79,1061.68,1047.1,1049.23,1466065
GOOG,2018-05-08 00:00:00+00:00,1053.91,1060.55,1047.145,1058.54,1217721
GOOG,2018-05-09 00:00:00+00:00,1082.76,1085.44,1056.365,1058.1,2032818
GOOG,2018-05-10 00:00:00+00:00,1097.57,1100.44,1085.64,1086.03,1443025
GOOG,2018-05-11 00:00:00+00:00,1098.26,1101.33,1090.91,1093.6,1253665
GOOG,2018-05-14 00:00:00+00:00,1100.2,1110.75,1099.11,1100.0,1518077
GOOG,2018-05-15 00:00:00+00:00,1079.23,1090.05,1073.47,1090.0,1494872
GOOG,2018-05-16 00:00:00+00:00,1081.77,1089.27,1076.26,1077.31,1097317
GOOG,2018-05-17 00:00:00+00:00,1078.59,1086.87,1073.5,1079.89,1043766
GOOG,2018-05-18 00:00:00+00:00,1066.36,1069.94,1060.68,1061.86,1565240
GOOG,2018-05-21 00:00:00+00:00,1079.58,1088.0,1073.65,1074.06,1023211
GOOG,2018-05-22 00:00:00+00:00,1069.73,1086.59,1066.69,1083.56,1090002
GOOG,2018-05-23 00:00:00+00:00,1079.69,1080.78,1061.71,1065.13,1060683
GOOG,2018-05-24 00:00:00+00:00,1079.24,1080.47,1066.15,1079.0,766773
GOOG,2018-05-25 00:00:00+00:00,1075.66,1082.56,1073.775,1079.02,899406
GOOG,2018-05-29 00:00:00+00:00,1060.32,1073.37,1055.22,1064.89,1865139
GOOG,2018-05-30 00:00:00+00:00,1067.8,1069.21,1056.83,1063.03,1138457
GOOG,2018-05-31 00:00:00+00:00,1084.99,1097.19,1067.56,1067.56,3088305
GOOG,2018-06-01 00:00:00+00:00,1119.5,1120.0,1098.5,1099.35,2421598
GOOG,2018-06-04 00:00:00+00:00,1139.29,1141.89,1122.005,1122.33,1889579
GOOG,2018-06-05 00:00:00+00:00,1139.66,1145.738,1133.19,1140.99,1677973
GOOG,2018-06-06 00:00:00+00:00,1136.88,1143.0,1125.743,1142.17,1698247
GOOG,2018-06-07 00:00:00+00:00,1123.86,1135.82,1116.52,1131.32,1520020
GOOG,2018-06-08 00:00:00+00:00,1120.87,1126.67,1112.15,1118.18,1290845
GOOG,2018-06-11 00:00:00+00:00,1129.99,1137.26,1118.6,1118.6,1079294
GOOG,2018-06-12 00:00:00+00:00,1139.32,1139.79,1130.735,1131.07,912018
GOOG,2018-06-13 00:00:00+00:00,1134.79,1146.5,1133.38,1141.12,1506407
GOOG,2018-06-14 00:00:00+00:00,1152.12,1155.47,1140.64,1143.85,1350868
GOOG,2018-06-15 00:00:00+00:00,1152.26,1153.42,1143.485,1148.86,2122476
GOOG,2018-06-18 00:00:00+00:00,1173.46,1174.31,1143.59,1143.65,1413692
GOOG,2018-06-19 00:00:00+00:00,1168.06,1171.27,1154.01,1158.5,1621018
GOOG,2018-06-20 00:00:00+00:00,1169.84,1186.286,1169.16,1175.31,1648536
GOOG,2018-06-21 00:00:00+00:00,1157.66,1177.295,1152.232,1174.85,1238118
GOOG,2018-06-22 00:00:00+00:00,1155.48,1162.497,1147.26,1159.14,1310967
GOOG,2018-06-25 00:00:00+00:00,1124.81,1143.91,1112.78,1143.6,2157310
GOOG,2018-06-26 00:00:00+00:00,1118.46,1133.21,1116.659,1128.0,1563225
GOOG,2018-06-27 00:00:00+00:00,1103.98,1131.836,1103.62,1121.34,1293892
GOOG,2018-06-28 00:00:00+00:00,1114.22,1122.31,1096.01,1102.09,1072438
GOOG,2018-06-29 00:00:00+00:00,1115.65,1128.227,1115.0,1120.0,1315121
GOOG,2018-07-02 00:00:00+00:00,1127.46,1128.0,1093.8,1099.0,1217311
GOOG,2018-07-03 00:00:00+00:00,1102.89,1135.82,1100.02,1135.82,679034
GOOG,2018-07-05 00:00:00+00:00,1124.27,1127.5,1108.48,1110.53,1066685
GOOG,2018-07-06 00:00:00+00:00,1140.17,1140.93,1120.737,1123.58,996079
GOOG,2018-07-09 00:00:00+00:00,1154.05,1154.67,1143.42,1148.48,908969
GOOG,2018-07-10 00:00:00+00:00,1152.84,1159.59,1149.59,1156.98,798412
GOOG,2018-07-11 00:00:00+00:00,1153.9,1164.29,1141.0,1144.59,1119993
GOOG,2018-07-12 00:00:00+00:00,1183.48,1184.41,1155.935,1159.89,1251884
GOOG,2018-07-13 00:00:00+00:00,1188.82,1195.417,1180.0,1185.0,1222072
GOOG,2018-07-16 00:00:00+00:00,1183.86,1191.0,1179.28,1189.39,1055662
GOOG,2018-07-17 00:00:00+00:00,1198.8,1203.04,1170.6,1172.22,1610353
GOOG,2018-07-18 00:00:00+00:00,1195.88,1204.5,1190.34,1196.56,1393606
GOOG,2018-07-19 00:00:00+00:00,1186.96,1200.0,1183.32,1191.0,1276667
GOOG,2018-07-20 00:00:00+00:00,1184.91,1196.86,1184.22,1186.96,1248400
GOOG,2018-07-23 00:00:00+00:00,1205.5,1206.49,1181.0,1181.01,2619234
GOOG,2018-07-24 00:00:00+00:00,1248.08,1266.0,1235.56,1262.59,3318204
GOOG,2018-07-25 00:00:00+00:00,1263.7,1265.86,1239.13,1239.13,2139999
GOOG,2018-07-26 00:00:00+00:00,1268.33,1269.771,1249.02,1251.0,2405638
GOOG,2018-07-27 00:00:00+00:00,1238.5,1273.89,1231.0,1271.0,2130558
GOOG,2018-07-30 00:00:00+00:00,1219.74,1234.916,1211.47,1228.01,1849904
GOOG,2018-07-31 00:00:00+00:00,1217.26,1227.588,1205.6,1220.01,1644722
GOOG,2018-08-01 00:00:00+00:00,1220.01,1233.47,1210.21,1228.0,1567264
GOOG,2018-08-02 00:00:00+00:00,1226.15,1229.88,1204.79,1205.9,1531299
GOOG,2018-08-03 00:00:00+00:00,1223.71,1230.0,1215.06,1229.62,1089896
GOOG,2018-08-06 00:00:00+00:00,1224.77,1226.088,1215.797,1225.0,1081723
GOOG,2018-08-07 00:00:00+00:00,1242.22,1251.17,1236.17,1237.0,1493980
GOOG,2018-08-08 00:00:00+00:00,1245.61,1256.5,1238.008,1240.47,1370913
GOOG,2018-08-09 00:00:00+00:00,1249.1,1255.542,1246.01,1249.9,848601
GOOG,2018-08-10 00:00:00+00:00,1237.61,1245.695,1232.0,1243.0,1108919
GOOG,2018-08-13 00:00:00+00:00,1235.01,1249.273,1233.641,1236.98,997346
GOOG,2018-08-14 00:00:00+00:00,1242.1,1245.87,1225.11,1235.19,1348194
GOOG,2018-08-15 00:00:00+00:00,1214.38,1235.24,1209.51,1229.26,1828814
GOOG,2018-08-16 00:00:00+00:00,1206.49,1226.0,1202.55,1224.73,1343161
GOOG,2018-08-17 00:00:00+00:00,1200.96,1209.02,1188.24,1202.03,1389645
GOOG,2018-08-20 00:00:00+00:00,1207.77,1211.0,1194.626,1205.02,870772
GOOG,2018-08-21 00:00:00+00:00,1201.62,1217.26,1200.354,1208.0,1205580
GOOG,2018-08-22 00:00:00+00:00,1207.33,1211.84,1199.0,1200.0,887389
GOOG,2018-08-23 00:00:00+00:00,1205.38,1221.28,1204.24,1207.14,992604
GOOG,2018-08-24 00:00:00+00:00,1220.65,1221.65,1206.359,1208.82,946840
GOOG,2018-08-27 00:00:00+00:00,1241.82,1243.09,1225.716,1227.6,1156255
GOOG,2018-08-28 00:00:00+00:00,1231.15,1242.545,1228.69,1241.29,1304007
GOOG,2018-08-29 00:00:00+00:00,1249.3,1250.66,1236.359,1237.45,1309312
GOOG,2018-08-30 00:00:00+00:00,1239.12,1253.635,1232.59,1244.23,1331439
GOOG,2018-08-31 00:00:00+00:00,1218.19,1238.66,1211.285,1234.98,1816426
GOOG,2018-09-04 00:00:00+00:00,1197.0,1212.99,1192.5,1204.27,1831045
GOOG,2018-09-05 00:00:00+00:00,1186.48,1199.01,1162.0,1193.8,2061309
GOOG,2018-09-06 00:00:00+00:00,1171.44,1186.3,1152.0,1186.3,1888467
GOOG,2018-09-07 00:00:00+00:00,1164.83,1175.26,1157.215,1158.67,1401404
GOOG,2018-09-10 00:00:00+00:00,1164.64,1174.54,1160.11,1172.19,1115796
GOOG,2018-09-11 00:00:00+00:00,1177.36,1178.68,1156.24,1161.63,1209565
GOOG,2018-09-12 00:00:00+00:00,1162.82,1178.61,1158.36,1172.72,1295472
GOOG,2018-09-13 00:00:00+00:00,1175.33,1178.61,1162.85,1170.74,1431214
GOOG,2018-09-14 00:00:00+00:00,1172.53,1180.425,1168.33,1179.1,943978
GOOG,2018-09-17 00:00:00+00:00,1156.05,1177.24,1154.03,1170.14,1306522
GOOG,2018-09-18 00:00:00+00:00,1161.22,1176.08,1157.09,1157.09,1203686
GOOG,2018-09-19 00:00:00+00:00,1171.09,1173.21,1154.58,1164.98,1191386
GOOG,2018-09-20 00:00:00+00:00,1186.87,1189.89,1173.36,1179.99,1225387
GOOG,2018-09-21 00:00:00+00:00,1166.09,1192.21,1166.04,1192.0,4405584
GOOG,2018-09-24 00:00:00+00:00,1173.37,1178.0,1146.91,1157.17,1271017
GOOG,2018-09-25 00:00:00+00:00,1184.65,1186.88,1168.0,1176.15,977731
GOOG,2018-09-26 00:00:00+00:00,1180.49,1194.23,1174.765,1185.15,1462253
GOOG,2018-09-27 00:00:00+00:00,1194.64,1202.1,1183.63,1186.73,1260754
GOOG,2018-09-28 00:00:00+00:00,1193.47,1195.41,1184.5,1191.87,1380629
GOOG,2018-10-01 00:00:00+00:00,1195.31,1209.9,1190.3,1199.89,1357604
GOOG,2018-10-02 00:00:00+00:00,1200.11,1209.96,1186.63,1190.96,1687914
GOOG,2018-10-03 00:00:00+00:00,1202.95,1206.41,1193.83,1205.0,1256214
GOOG,2018-10-04 00:00:00+00:00,1168.19,1197.51,1155.576,1195.33,2209490
GOOG,2018-10-05 00:00:00+00:00,1157.35,1173.5,1145.12,1167.5,1184452
GOOG,2018-10-08 00:00:00+00:00,1148.97,1168.0,1127.364,1150.11,1932355
GOOG,2018-10-09 00:00:00+00:00,1138.82,1154.35,1137.572,1146.15,1308764
GOOG,2018-10-10 00:00:00+00:00,1081.22,1132.17,1081.13,1131.08,2675742
GOOG,2018-10-11 00:00:00+00:00,1079.32,1106.4,1068.27,1072.94,2950120
GOOG,2018-10-12 00:00:00+00:00,1110.08,1115.0,1086.402,1108.0,2101303
GOOG,2018-10-15 00:00:00+00:00,1092.25,1113.446,1089.0,1108.91,1372393
GOOG,2018-10-16 00:00:00+00:00,1121.28,1124.22,1102.5,1104.59,1928540
GOOG,2018-10-17 00:00:00+00:00,1115.69,1128.99,1102.19,1126.46,1467226
GOOG,2018-10-18 00:00:00+00:00,1087.97,1121.84,1077.09,1121.84,2094524
GOOG,2018-10-19 00:00:00+00:00,1096.46,1110.36,1087.75,1093.37,1267649
GOOG,2018-10-22 00:00:00+00:00,1101.16,1112.23,1091.0,1103.06,1514220
GOOG,2018-10-23 00:00:00+00:00,1103.69,1107.89,1070.0,1080.89,1848654
GOOG,2018-10-24 00:00:00+00:00,1050.71,1106.12,1048.74,1104.25,1982430
GOOG,2018-10-25 00:00:00+00:00,1095.57,1110.98,1069.55,1071.79,2545839
GOOG,2018-10-26 00:00:00+00:00,1071.47,1106.53,1034.09,1037.03,4187586
GOOG,2018-10-29 00:00:00+00:00,1020.08,1097.04,995.83,1082.47,3880723
GOOG,2018-10-30 00:00:00+00:00,1036.21,1037.49,1000.75,1008.46,3212657
GOOG,2018-10-31 00:00:00+00:00,1076.77,1091.94,1057.0,1059.81,2529768
GOOG,2018-11-01 00:00:00+00:00,1070.0,1083.975,1062.46,1075.8,1481979
GOOG,2018-11-02 00:00:00+00:00,1057.79,1082.975,1054.61,1073.73,1839043
GOOG,2018-11-05 00:00:00+00:00,1040.09,1058.47,1021.24,1055.0,2441430
GOOG,2018-11-06 00:00:00+00:00,1055.81,1064.345,1038.07,1039.48,1233306
GOOG,2018-11-07 00:00:00+00:00,1093.39,1095.46,1065.9,1069.0,2058356
GOOG,2018-11-08 00:00:00+00:00,1082.4,1093.27,1072.205,1091.38,1488182
GOOG,2018-11-09 00:00:00+00:00,1066.15,1075.56,1053.11,1073.99,1343313
GOOG,2018-11-12 00:00:00+00:00,1038.63,1062.12,1031.0,1061.39,1471758
GOOG,2018-11-13 00:00:00+00:00,1036.05,1056.605,1031.15,1043.29,1513702
GOOG,2018-11-14 00:00:00+00:00,1043.66,1054.564,1031.0,1050.0,1565945
GOOG,2018-11-15 00:00:00+00:00,1064.71,1071.85,1031.78,1044.71,1836084
GOOG,2018-11-16 00:00:00+00:00,1061.49,1067.0,1048.98,1059.41,1658116
GOOG,2018-11-19 00:00:00+00:00,1020.0,1060.79,1016.26,1057.2,1858614
GOOG,2018-11-20 00:00:00+00:00,1025.76,1031.74,996.02,1000.0,2449130
GOOG,2018-11-21 00:00:00+00:00,1037.61,1048.56,1033.47,1036.76,1534274
GOOG,2018-11-23 00:00:00+00:00,1023.88,1037.59,1022.4,1030.0,691462
GOOG,2018-11-26 00:00:00+00:00,1048.62,1049.31,1033.91,1038.35,1942822
GOOG,2018-11-27 00:00:00+00:00,1044.41,1057.58,1038.49,1041.0,1803164
GOOG,2018-11-28 00:00:00+00:00,1086.23,1086.84,1035.76,1048.76,2475419
GOOG,2018-11-29 00:00:00+00:00,1088.3,1094.245,1076.0,1076.08,1468859
GOOG,2018-11-30 00:00:00+00:00,1094.43,1095.57,1077.88,1089.07,2580612
GOOG,2018-12-03 00:00:00+00:00,1106.43,1124.65,1103.665,1123.14,1990758
GOOG,2018-12-04 00:00:00+00:00,1050.82,1104.42,1049.98,1103.12,2345166
GOOG,2018-12-06 00:00:00+00:00,1068.73,1071.2,1030.77,1034.26,2769225
GOOG,2018-12-07 00:00:00+00:00,1036.58,1075.26,1028.5,1060.01,2101206
GOOG,2018-12-10 00:00:00+00:00,1039.55,1048.45,1023.29,1035.05,1807725
GOOG,2018-12-11 00:00:00+00:00,1051.75,1060.6,1039.84,1056.49,1394731
GOOG,2018-12-12 00:00:00+00:00,1063.68,1081.65,1062.79,1068.0,1523804
GOOG,2018-12-13 00:00:00+00:00,1061.9,1079.76,1053.93,1068.07,1329768
GOOG,2018-12-14 00:00:00+00:00,1042.1,1062.6,1040.79,1049.98,1686619
GOOG,2018-12-17 00:00:00+00:00,1016.53,1053.15,1007.9,1037.51,2385364
GOOG,2018-12-18 00:00:00+00:00,1028.71,1049.48,1021.44,1026.09,2192533
GOOG,2018-12-19 00:00:00+00:00,1023.01,1062.0,1008.05,1033.99,2479338
GOOG,2018-12-20 00:00:00+00:00,1009.41,1034.22,996.36,1018.13,2673464
GOOG,2018-12-21 00:00:00+00:00,979.54,1024.02,973.69,1015.3,4595891
GOOG,2018-12-24 00:00:00+00:00,976.22,1003.54,970.11,973.9,1590328
GOOG,2018-12-26 00:00:00+00:00,1039.46,1040.0,983.0,989.01,2373270
GOOG,2018-12-27 00:00:00+00:00,1043.88,1043.89,997.0,1017.15,2109777
GOOG,2018-12-28 00:00:00+00:00,1037.08,1055.56,1033.1,1049.62,1413772
GOOG,2018-12-31 00:00:00+00:00,1035.61,1052.7,1023.59,1050.96,1493722
GOOG,2019-01-02 00:00:00+00:00,1045.85,1052.32,1015.71,1016.57,1532608
GOOG,2019-01-03 00:00:00+00:00,1016.06,1056.98,1014.07,1041.0,1841066
GOOG,2019-01-04 00:00:00+00:00,1070.71,1070.84,1027.418,1032.59,2093894
GOOG,2019-01-07 00:00:00+00:00,1068.39,1074.0,1054.76,1071.5,1981874
GOOG,2019-01-08 00:00:00+00:00,1076.28,1084.56,1060.53,1076.11,1765267
GOOG,2019-01-09 00:00:00+00:00,1074.66,1082.63,1066.4,1081.65,1199272
GOOG,2019-01-10 00:00:00+00:00,1070.33,1071.15,1057.71,1067.66,1456421
GOOG,2019-01-11 00:00:00+00:00,1057.19,1063.775,1048.48,1063.18,1520756
GOOG,2019-01-14 00:00:00+00:00,1044.69,1051.53,1041.255,1046.92,1144263
GOOG,2019-01-15 00:00:00+00:00,1077.15,1080.05,1047.34,1050.17,1463570
GOOG,2019-01-16 00:00:00+00:00,1080.97,1092.375,1079.34,1080.0,1331819
GOOG,2019-01-17 00:00:00+00:00,1089.9,1091.8,1073.5,1079.47,1242664
GOOG,2019-01-18 00:00:00+00:00,1098.26,1108.352,1090.9,1100.0,1955559
GOOG,2019-01-22 00:00:00+00:00,1070.52,1091.51,1063.47,1088.0,1613527
GOOG,2019-01-23 00:00:00+00:00,1075.57,1084.93,1059.75,1077.35,966956
GOOG,2019-01-24 00:00:00+00:00,1073.9,1079.475,1060.7,1076.48,1361673
GOOG,2019-01-25 00:00:00+00:00,1090.99,1094.0,1081.82,1085.0,1119216
GOOG,2019-01-28 00:00:00+00:00,1070.08,1083.0,1063.8,1080.11,1284281
GOOG,2019-01-29 00:00:00+00:00,1060.62,1075.15,1055.865,1072.68,1021819
GOOG,2019-01-30 00:00:00+00:00,1089.06,1091.0,1066.85,1068.43,1279822
GOOG,2019-01-31 00:00:00+00:00,1116.37,1117.33,1095.41,1103.0,1538324
GOOG,2019-02-01 00:00:00+00:00,1110.75,1125.0,1104.89,1112.4,1462208
GOOG,2019-02-04 00:00:00+00:00,1132.8,1132.8,1109.02,1112.66,2576470
GOOG,2019-02-05 00:00:00+00:00,1145.99,1146.85,1117.248,1124.84,3552194
GOOG,2019-02-06 00:00:00+00:00,1115.23,1147.0,1112.77,1139.57,2105592
GOOG,2019-02-07 00:00:00+00:00,1098.71,1104.84,1086.0,1104.16,2044827
GOOG,2019-02-08 00:00:00+00:00,1095.06,1098.91,1086.55,1087.0,1075769
GOOG,2019-02-11 00:00:00+00:00,1095.01,1105.945,1092.86,1096.95,1065194
GOOG,2019-02-12 00:00:00+00:00,1121.37,1125.295,1105.85,1106.8,1609513
GOOG,2019-02-13 00:00:00+00:00,1120.16,1134.73,1118.5,1124.99,1049781
GOOG,2019-02-14 00:00:00+00:00,1121.67,1128.23,1110.445,1118.05,947632
GOOG,2019-02-15 00:00:00+00:00,1113.65,1131.67,1110.65,1130.08,1449830
GOOG,2019-02-19 00:00:00+00:00,1118.56,1121.89,1110.0,1110.0,1046628
GOOG,2019-02-20 00:00:00+00:00,1113.8,1123.41,1105.28,1119.99,1087817
GOOG,2019-02-21 00:00:00+00:00,1096.97,1111.94,1092.52,1110.84,1415473
GOOG,2019-02-22 00:00:00+00:00,1110.37,1111.24,1095.6,1100.9,1049545
GOOG,2019-02-25 00:00:00+00:00,1109.4,1118.54,1107.27,1116.0,1413061
GOOG,2019-02-26 00:00:00+00:00,1115.13,1119.51,1099.92,1105.75,1471743
GOOG,2019-02-27 00:00:00+00:00,1116.05,1117.98,1101.0,1106.95,968760
GOOG,2019-02-28 00:00:00+00:00,1119.92,1127.65,1111.01,1111.3,1542609
GOOG,2019-03-01 00:00:00+00:00,1140.99,1142.97,1124.75,1124.9,1450316
GOOG,2019-03-04 00:00:00+00:00,1147.8,1158.28,1130.69,1146.99,1446047
GOOG,2019-03-05 00:00:00+00:00,1162.03,1169.61,1146.195,1150.06,1443174
GOOG,2019-03-06 00:00:00+00:00,1157.86,1167.566,1155.49,1162.49,1099289
GOOG,2019-03-07 00:00:00+00:00,1143.3,1156.755,1134.91,1155.72,1166559
GOOG,2019-03-08 00:00:00+00:00,1142.32,1147.08,1123.3,1126.73,1212489
GOOG,2019-03-11 00:00:00+00:00,1175.76,1176.19,1144.45,1144.45,1719192
GOOG,2019-03-12 00:00:00+00:00,1193.2,1200.0,1178.26,1178.26,2013115
GOOG,2019-03-13 00:00:00+00:00,1193.32,1200.93,1191.94,1200.645,1435936
GOOG,2019-03-14 00:00:00+00:00,1185.55,1197.88,1184.48,1194.51,1172815
GOOG,2019-03-15 00:00:00+00:00,1184.46,1196.57,1182.61,1193.38,2459957
GOOG,2019-03-18 00:00:00+00:00,1184.26,1190.0,1177.421,1183.3,1292633
GOOG,2019-03-19 00:00:00+00:00,1198.85,1200.0,1185.87,1188.81,1520688
GOOG,2019-03-20 00:00:00+00:00,1223.97,1227.14,1196.17,1197.35,2227786
GOOG,2019-03-21 00:00:00+00:00,1231.54,1231.79,1213.15,1216.0,1204045
GOOG,2019-03-22 00:00:00+00:00,1205.5,1230.0,1202.825,1226.32,1714247
GOOG,2019-03-25 00:00:00+00:00,1193.0,1206.398,1187.04,1196.93,1496843
GOOG,2019-03-26 00:00:00+00:00,1184.62,1202.83,1176.72,1198.53,1901156
GOOG,2019-03-27 00:00:00+00:00,1173.02,1187.559,1159.37,1185.5,1400240
GOOG,2019-03-28 00:00:00+00:00,1168.49,1171.565,1159.431,1171.54,1012430
GOOG,2019-03-29 00:00:00+00:00,1173.31,1178.99,1162.88,1174.9,1269979
GOOG,2019-04-01 00:00:00+00:00,1194.43,1196.66,1182.0,1184.1,1252757
GOOG,2019-04-02 00:00:00+00:00,1200.49,1201.35,1185.71,1195.32,827973
GOOG,2019-04-03 00:00:00+00:00,1205.92,1216.3,1200.5,1207.48,1017838
GOOG,2019-04-04 00:00:00+00:00,1215.0,1215.67,1204.13,1205.94,950747
GOOG,2019-04-05 00:00:00+00:00,1207.15,1216.22,1205.03,1214.99,907152
GOOG,2019-04-08 00:00:00+00:00,1203.84,1208.69,1199.86,1207.89,860363
GOOG,2019-04-09 00:00:00+00:00,1197.25,1202.29,1193.08,1196.0,876381
GOOG,2019-04-10 00:00:00+00:00,1202.16,1203.785,1196.435,1200.68,724643
GOOG,2019-04-11 00:00:00+00:00,1204.62,1207.96,1200.13,1203.96,710231
GOOG,2019-04-12 00:00:00+00:00,1217.87,1218.35,1208.11,1210.0,933794
GOOG,2019-04-15 00:00:00+00:00,1221.1,1224.2,1209.11,1218.0,1187519
GOOG,2019-04-16 00:00:00+00:00,1227.13,1230.82,1220.12,1225.0,856304
GOOG,2019-04-17 00:00:00+00:00,1236.34,1240.56,1227.82,1233.0,1221930
GOOG,2019-04-18 00:00:00+00:00,1236.37,1242.0,1234.61,1239.18,1331823
GOOG,2019-04-22 00:00:00+00:00,1248.84,1249.09,1228.31,1235.99,807334
GOOG,2019-04-23 00:00:00+00:00,1264.55,1269.0,1246.38,1250.69,1319910
GOOG,2019-04-24 00:00:00+00:00,1256.0,1268.01,1255.0,1264.12,1018753
GOOG,2019-04-25 00:00:00+00:00,1263.45,1267.408,1252.03,1264.77,1107295
GOOG,2019-04-26 00:00:00+00:00,1272.18,1273.07,1260.32,1269.0,1241428
GOOG,2019-04-29 00:00:00+00:00,1287.58,1289.27,1266.295,1274.0,2499432
GOOG,2019-04-30 00:00:00+00:00,1188.48,1192.81,1175.0,1185.0,6207027
GOOG,2019-05-01 00:00:00+00:00,1168.08,1188.05,1167.18,1188.05,2642983
GOOG,2019-05-02 00:00:00+00:00,1162.61,1174.19,1155.002,1167.76,1944817
GOOG,2019-05-03 00:00:00+00:00,1185.4,1186.8,1169.0,1173.65,1980653
GOOG,2019-05-06 00:00:00+00:00,1189.39,1190.85,1166.26,1166.26,1563943
GOOG,2019-05-07 00:00:00+00:00,1174.1,1190.44,1161.04,1180.47,1551368
GOOG,2019-05-08 00:00:00+00:00,1166.27,1180.424,1165.74,1172.01,1309514
GOOG,2019-05-09 00:00:00+00:00,1162.38,1169.66,1150.85,1159.03,1185973
GOOG,2019-05-10 00:00:00+00:00,1164.27,1172.6,1142.5,1163.59,1314546
GOOG,2019-05-13 00:00:00+00:00,1132.03,1147.94,1122.11,1141.96,1860648
GOOG,2019-05-14 00:00:00+00:00,1120.44,1140.42,1119.55,1137.21,1836604
GOOG,2019-05-15 00:00:00+00:00,1164.21,1171.33,1116.666,1117.87,2289302
GOOG,2019-05-16 00:00:00+00:00,1178.98,1188.16,1162.84,1164.51,1531404
GOOG,2019-05-17 00:00:00+00:00,1162.3,1180.15,1160.01,1168.47,1208623
GOOG,2019-05-20 00:00:00+00:00,1138.85,1146.797,1131.443,1144.5,1353292
GOOG,2019-05-21 00:00:00+00:00,1149.63,1152.708,1137.94,1148.49,1160158
GOOG,2019-05-22 00:00:00+00:00,1151.42,1158.52,1145.89,1146.75,914839
GOOG,2019-05-23 00:00:00+00:00,1140.77,1145.973,1129.224,1140.5,1199300
GOOG,2019-05-24 00:00:00+00:00,1133.47,1149.765,1131.66,1147.36,1112341
GOOG,2019-05-28 00:00:00+00:00,1134.15,1151.587,1133.12,1134.0,1365166
GOOG,2019-05-29 00:00:00+00:00,1116.46,1129.1,1108.22,1127.52,1538212
GOOG,2019-05-30 00:00:00+00:00,1117.95,1123.13,1112.12,1115.54,951873
GOOG,2019-05-31 00:00:00+00:00,1103.63,1109.6,1100.18,1101.29,1508203
GOOG,2019-06-03 00:00:00+00:00,1036.23,1065.5,1025.0,1065.5,5130576
GOOG,2019-06-04 00:00:00+00:00,1053.05,1056.05,1033.69,1042.9,2833483
GOOG,2019-06-05 00:00:00+00:00,1042.22,1053.55,1030.49,1051.54,2168439
GOOG,2019-06-06 00:00:00+00:00,1044.34,1047.49,1033.7,1044.99,1703244
GOOG,2019-06-07 00:00:00+00:00,1066.04,1070.92,1048.4,1050.63,1802370
GOOG,2019-06-10 00:00:00+00:00,1080.38,1092.66,1072.322,1072.98,1464248
GOOG,2019-06-11 00:00:00+00:00,1078.72,1101.99,1077.603,1093.98,1437063
GOOG,2019-06-12 00:00:00+00:00,1077.03,1080.93,1067.54,1078.0,1061255
GOOG,2019-06-13 00:00:00+00:00,1088.77,1094.17,1080.15,1083.64,1058000
GOOG,2019-06-14 00:00:00+00:00,1085.35,1092.69,1080.172,1086.42,1111643
GOOG,2019-06-17 00:00:00+00:00,1092.5,1099.18,1086.28,1086.28,941602
GOOG,2019-06-18 00:00:00+00:00,1103.6,1116.39,1098.99,1109.69,1386684
GOOG,2019-06-19 00:00:00+00:00,1102.33,1107.0,1093.48,1105.6,1339218
GOOG,2019-06-20 00:00:00+00:00,1111.42,1120.12,1104.74,1119.99,1262011
GOOG,2019-06-21 00:00:00+00:00,1121.88,1124.11,1108.08,1109.24,1947591
GOOG,2019-06-24 00:00:00+00:00,1115.52,1122.0,1111.01,1119.61,1395696
GOOG,2019-06-25 00:00:00+00:00,1086.35,1114.35,1083.8,1112.66,1546913
GOOG,2019-06-26 00:00:00+00:00,1079.8,1092.97,1072.24,1086.5,1810869
GOOG,2019-06-27 00:00:00+00:00,1076.01,1087.1,1075.29,1084.0,1004477
GOOG,2019-06-28 00:00:00+00:00,1080.91,1081.0,1073.37,1076.39,1693450
GOOG,2019-07-01 00:00:00+00:00,1097.95,1107.58,1093.703,1098.0,1438504
GOOG,2019-07-02 00:00:00+00:00,1111.25,1111.77,1098.17,1102.24,991755
GOOG,2019-07-03 00:00:00+00:00,1121.58,1126.76,1113.86,1117.41,767011
GOOG,2019-07-05 00:00:00+00:00,1131.59,1132.88,1116.14,1117.8,1264540
GOOG,2019-07-08 00:00:00+00:00,1116.35,1125.98,1111.21,1125.17,1236419
GOOG,2019-07-09 00:00:00+00:00,1124.83,1128.025,1107.17,1111.8,1330370
GOOG,2019-07-10 00:00:00+00:00,1140.48,1142.05,1130.97,1131.22,1209466
GOOG,2019-07-11 00:00:00+00:00,1144.21,1153.07,1139.58,1143.25,1195569
GOOG,2019-07-12 00:00:00+00:00,1144.9,1147.34,1138.78,1143.99,863973
GOOG,2019-07-15 00:00:00+00:00,1150.34,1150.82,1139.4,1146.86,903780
GOOG,2019-07-16 00:00:00+00:00,1153.58,1158.58,1145.0,1146.0,1238807
GOOG,2019-07-17 00:00:00+00:00,1146.35,1158.36,1145.77,1150.97,1170047
GOOG,2019-07-18 00:00:00+00:00,1146.33,1147.605,1132.73,1141.74,1291281
GOOG,2019-07-19 00:00:00+00:00,1130.1,1151.14,1129.62,1148.19,1647245
GOOG,2019-07-22 00:00:00+00:00,1138.07,1139.25,1124.24,1133.45,1301846
GOOG,2019-07-23 00:00:00+00:00,1146.21,1146.9,1131.8,1144.0,1093688
GOOG,2019-07-24 00:00:00+00:00,1137.81,1144.0,1126.99,1131.9,1590101
GOOG,2019-07-25 00:00:00+00:00,1132.12,1141.7,1120.92,1137.82,2209881
GOOG,2019-07-26 00:00:00+00:00,1250.41,1265.55,1224.0,1224.04,4805752
GOOG,2019-07-29 00:00:00+00:00,1239.41,1247.37,1228.23,1241.05,2223731
GOOG,2019-07-30 00:00:00+00:00,1225.14,1234.87,1223.3,1225.41,1453263
GOOG,2019-07-31 00:00:00+00:00,1216.68,1234.0,1207.764,1223.0,1725454
GOOG,2019-08-01 00:00:00+00:00,1209.01,1234.11,1205.72,1214.03,1698510
GOOG,2019-08-02 00:00:00+00:00,1193.99,1206.9,1188.94,1200.74,1645067
GOOG,2019-08-05 00:00:00+00:00,1152.32,1175.24,1140.14,1170.04,2597455
GOOG,2019-08-06 00:00:00+00:00,1169.95,1179.96,1160.0,1163.31,1709374
GOOG,2019-08-07 00:00:00+00:00,1173.99,1178.445,1149.624,1156.0,1444324
GOOG,2019-08-08 00:00:00+00:00,1204.8,1205.01,1173.02,1182.83,1467997
GOOG,2019-08-09 00:00:00+00:00,1188.01,1203.88,1183.603,1197.99,1065658
GOOG,2019-08-12 00:00:00+00:00,1174.71,1184.96,1167.672,1179.21,1003187
GOOG,2019-08-13 00:00:00+00:00,1197.27,1204.78,1171.46,1171.46,1318009
GOOG,2019-08-14 00:00:00+00:00,1164.29,1182.3,1160.54,1176.31,1578668
GOOG,2019-08-15 00:00:00+00:00,1167.26,1175.84,1162.11,1163.5,1224739
GOOG,2019-08-16 00:00:00+00:00,1177.6,1182.72,1171.81,1179.55,1349436
GOOG,2019-08-19 00:00:00+00:00,1198.45,1206.99,1190.09,1190.09,1232517
GOOG,2019-08-20 00:00:00+00:00,1182.69,1196.06,1182.11,1195.25,915605
GOOG,2019-08-21 00:00:00+00:00,1191.25,1199.0,1187.43,1193.15,741053
GOOG,2019-08-22 00:00:00+00:00,1189.53,1198.012,1178.58,1194.07,947906
GOOG,2019-08-23 00:00:00+00:00,1151.29,1194.08,1147.75,1181.99,1688271
GOOG,2019-08-26 00:00:00+00:00,1168.89,1169.47,1152.96,1157.26,1226441
GOOG,2019-08-27 00:00:00+00:00,1167.84,1182.4,1161.45,1180.53,1077452
GOOG,2019-08-28 00:00:00+00:00,1171.02,1176.42,1157.3,1161.71,770915
GOOG,2019-08-29 00:00:00+00:00,1192.85,1196.06,1181.12,1181.12,1088858
GOOG,2019-08-30 00:00:00+00:00,1188.1,1198.5,1183.803,1198.5,1129959
GOOG,2019-09-03 00:00:00+00:00,1168.39,1186.89,1163.2,1177.03,1480420
GOOG,2019-09-04 00:00:00+00:00,1181.41,1183.48,1171.0,1176.71,1068968
GOOG,2019-09-05 00:00:00+00:00,1211.38,1213.04,1191.53,1191.53,1408601
GOOG,2019-09-06 00:00:00+00:00,1204.93,1212.015,1202.522,1208.13,1072143
GOOG,2019-09-09 00:00:00+00:00,1204.41,1220.0,1192.62,1204.0,1471880
GOOG,2019-09-10 00:00:00+00:00,1206.0,1210.0,1194.58,1195.15,1260115
GOOG,2019-09-11 00:00:00+00:00,1220.17,1222.6,1202.2,1203.41,1307033
GOOG,2019-09-12 00:00:00+00:00,1234.25,1241.86,1223.02,1224.3,1725908
GOOG,2019-09-13 00:00:00+00:00,1239.56,1240.88,1227.01,1231.35,1301350
GOOG,2019-09-16 00:00:00+00:00,1231.3,1239.56,1225.61,1229.52,1053299
GOOG,2019-09-17 00:00:00+00:00,1229.15,1235.0,1223.69,1230.4,958112
GOOG,2019-09-18 00:00:00+00:00,1232.41,1235.61,1216.53,1227.51,1144333
GOOG,2019-09-19 00:00:00+00:00,1238.71,1244.44,1232.02,1232.06,1000155
GOOG,2019-09-20 00:00:00+00:00,1229.93,1243.32,1223.08,1233.12,2337269
GOOG,2019-09-23 00:00:00+00:00,1234.03,1239.09,1224.17,1226.0,1075253
GOOG,2019-09-24 00:00:00+00:00,1218.76,1246.74,1210.68,1240.0,1591786
GOOG,2019-09-25 00:00:00+00:00,1246.52,1248.3,1210.09,1215.82,1593875
GOOG,2019-09-26 00:00:00+00:00,1241.39,1245.0,1232.268,1241.96,1561882
GOOG,2019-09-27 00:00:00+00:00,1225.09,1244.02,1214.45,1243.01,1354432
GOOG,2019-09-30 00:00:00+00:00,1219.0,1226.0,1212.3,1220.97,1419676
GOOG,2019-10-01 00:00:00+00:00,1205.1,1231.23,1203.58,1219.0,1358279
GOOG,2019-10-02 00:00:00+00:00,1176.63,1196.98,1171.29,1196.98,1639237
GOOG,2019-10-03 00:00:00+00:00,1187.83,1189.06,1162.43,1180.0,1663656
GOOG,2019-10-04 00:00:00+00:00,1209.0,1211.44,1189.17,1191.89,1183264
GOOG,2019-10-07 00:00:00+00:00,1207.68,1218.204,1203.75,1204.4,867149
GOOG,2019-10-08 00:00:00+00:00,1189.13,1206.08,1189.01,1197.59,1141784
GOOG,2019-10-09 00:00:00+00:00,1202.31,1208.35,1197.63,1199.35,876632
GOOG,2019-10-10 00:00:00+00:00,1208.67,1215.0,1197.34,1198.58,932531
GOOG,2019-10-11 00:00:00+00:00,1215.45,1228.39,1213.74,1222.21,1277144
GOOG,2019-10-14 00:00:00+00:00,1217.14,1226.33,1211.76,1212.34,882039
GOOG,2019-10-15 00:00:00+00:00,1243.01,1247.33,1220.4,1220.4,1395259
GOOG,2019-10-16 00:00:00+00:00,1243.64,1254.74,1238.45,1241.17,1168174
GOOG,2019-10-17 00:00:00+00:00,1253.07,1263.325,1249.94,1250.93,980510
GOOG,2019-10-18 00:00:00+00:00,1245.49,1258.89,1241.08,1253.46,1321924
GOOG,2019-10-21 00:00:00+00:00,1246.15,1254.629,1240.6,1252.26,1026750
GOOG,2019-10-22 00:00:00+00:00,1242.8,1250.6,1241.38,1247.85,1047851
GOOG,2019-10-23 00:00:00+00:00,1259.13,1259.89,1242.36,1242.36,928595
GOOG,2019-10-24 00:00:00+00:00,1260.99,1264.0,1253.715,1260.9,1039868
GOOG,2019-10-25 00:00:00+00:00,1265.13,1269.6,1250.01,1251.03,1213051
GOOG,2019-10-28 00:00:00+00:00,1290.0,1299.31,1272.54,1275.45,2524976
GOOG,2019-10-29 00:00:00+00:00,1262.62,1281.59,1257.212,1276.23,1886380
GOOG,2019-10-30 00:00:00+00:00,1261.29,1269.36,1252.0,1252.97,1408851
GOOG,2019-10-31 00:00:00+00:00,1260.11,1267.67,1250.843,1261.28,1455651
GOOG,2019-11-01 00:00:00+00:00,1273.74,1274.62,1260.5,1265.0,1670072
GOOG,2019-11-04 00:00:00+00:00,1291.37,1294.13,1276.355,1276.45,1500964
GOOG,2019-11-05 00:00:00+00:00,1292.03,1298.93,1291.229,1292.89,1282711
GOOG,2019-11-06 00:00:00+00:00,1291.8,1293.73,1282.5,1289.46,1152977
GOOG,2019-11-07 00:00:00+00:00,1308.86,1323.74,1294.245,1294.28,2029970
GOOG,2019-11-08 00:00:00+00:00,1311.37,1318.0,1304.365,1305.28,1251916
GOOG,2019-11-11 00:00:00+00:00,1299.19,1306.425,1297.41,1303.18,1012429
GOOG,2019-11-12 00:00:00+00:00,1298.8,1310.0,1295.77,1300.0,1085859
GOOG,2019-11-13 00:00:00+00:00,1298.0,1304.3,1293.51,1294.07,853861
GOOG,2019-11-14 00:00:00+00:00,1311.46,1317.0,1295.65,1297.5,1194305
GOOG,2019-11-15 00:00:00+00:00,1334.87,1334.88,1314.28,1318.94,1782955
GOOG,2019-11-18 00:00:00+00:00,1320.7,1335.529,1317.5,1332.22,1488083
GOOG,2019-11-19 00:00:00+00:00,1315.46,1327.7,1312.8,1327.7,1269372
GOOG,2019-11-20 00:00:00+00:00,1303.05,1315.0,1291.15,1311.74,1309835
GOOG,2019-11-21 00:00:00+00:00,1301.35,1312.59,1293.0,1301.48,995499
GOOG,2019-11-22 00:00:00+00:00,1295.34,1308.73,1291.41,1305.62,1386506
GOOG,2019-11-25 00:00:00+00:00,1306.69,1311.31,1298.13,1299.18,1036487
GOOG,2019-11-26 00:00:00+00:00,1313.55,1314.8,1305.09,1309.86,1069795
GOOG,2019-11-27 00:00:00+00:00,1312.99,1318.36,1309.63,1315.0,996329
GOOG,2019-11-29 00:00:00+00:00,1304.96,1310.205,1303.97,1307.12,586981
GOOG,2019-12-02 00:00:00+00:00,1289.92,1305.83,1281.0,1301.0,1511851
GOOG,2019-12-03 00:00:00+00:00,1295.28,1298.461,1279.0,1279.57,1268647
GOOG,2019-12-04 00:00:00+00:00,1320.54,1325.8,1304.87,1307.01,1538110
GOOG,2019-12-05 00:00:00+00:00,1328.13,1329.358,1316.44,1328.0,1212818
GOOG,2019-12-06 00:00:00+00:00,1340.62,1344.0,1333.44,1333.44,1315510
GOOG,2019-12-09 00:00:00+00:00,1343.56,1359.45,1337.84,1338.04,1355795
GOOG,2019-12-10 00:00:00+00:00,1344.66,1349.975,1336.04,1341.5,1094653
GOOG,2019-12-11 00:00:00+00:00,1345.02,1351.2,1342.67,1350.84,850796
GOOG,2019-12-12 00:00:00+00:00,1350.27,1355.775,1340.5,1345.94,1281722
GOOG,2019-12-13 00:00:00+00:00,1347.83,1353.093,1343.87,1347.95,1550028
GOOG,2019-12-16 00:00:00+00:00,1361.17,1364.68,1352.67,1356.5,1397451
GOOG,2019-12-17 00:00:00+00:00,1355.12,1365.0,1351.323,1362.89,1855259
GOOG,2019-12-18 00:00:00+00:00,1352.62,1360.47,1351.0,1356.6,1657069
GOOG,2019-12-19 00:00:00+00:00,1356.04,1358.1,1348.985,1351.82,1470112
GOOG,2019-12-20 00:00:00+00:00,1349.59,1363.64,1349.0,1363.35,3316905
GOOG,2019-12-23 00:00:00+00:00,1348.84,1359.8,1346.51,1355.87,883200
GOOG,2019-12-24 00:00:00+00:00,1343.56,1350.26,1342.78,1348.5,347518
GOOG,2019-12-26 00:00:00+00:00,1360.4,1361.327,1344.47,1346.17,667754
GOOG,2019-12-27 00:00:00+00:00,1351.89,1364.53,1349.31,1362.99,1038718
GOOG,2019-12-30 00:00:00+00:00,1336.14,1353.0,1334.02,1350.0,1051323
GOOG,2019-12-31 00:00:00+00:00,1337.02,1338.0,1329.085,1330.11,962468
GOOG,2020-01-02 00:00:00+00:00,1367.37,1368.14,1341.55,1341.55,1406731
GOOG,2020-01-03 00:00:00+00:00,1360.66,1372.5,1345.544,1347.86,1187006
GOOG,2020-01-06 00:00:00+00:00,1394.21,1396.5,1350.0,1350.0,1733149
GOOG,2020-01-07 00:00:00+00:00,1393.34,1402.99,1390.38,1397.94,1511693
GOOG,2020-01-08 00:00:00+00:00,1404.32,1411.58,1390.84,1392.08,1529177
GOOG,2020-01-09 00:00:00+00:00,1419.83,1427.33,1410.27,1420.57,1502664
GOOG,2020-01-10 00:00:00+00:00,1429.73,1434.929,1418.35,1427.56,1821566
GOOG,2020-01-13 00:00:00+00:00,1439.23,1440.52,1426.02,1436.13,1378286
GOOG,2020-01-14 00:00:00+00:00,1430.88,1441.8,1428.37,1439.01,1560453
GOOG,2020-01-15 00:00:00+00:00,1439.2,1441.395,1430.21,1430.21,1282685
GOOG,2020-01-16 00:00:00+00:00,1451.7,1451.99,1440.92,1447.44,1173688
GOOG,2020-01-17 00:00:00+00:00,1480.39,1481.295,1458.22,1462.91,2396215
GOOG,2020-01-21 00:00:00+00:00,1484.4,1491.85,1471.2,1479.12,2008830
GOOG,2020-01-22 00:00:00+00:00,1485.95,1503.214,1484.93,1491.0,1610846
GOOG,2020-01-23 00:00:00+00:00,1486.65,1495.52,1482.1,1487.64,1351354
GOOG,2020-01-24 00:00:00+00:00,1466.71,1495.495,1465.25,1493.59,1784644
GOOG,2020-01-27 00:00:00+00:00,1433.9,1438.07,1421.2,1431.0,1755201
GOOG,2020-01-28 00:00:00+00:00,1452.56,1456.0,1432.47,1443.0,1577422
GOOG,2020-01-29 00:00:00+00:00,1458.63,1465.43,1446.74,1458.8,1078667
GOOG,2020-01-30 00:00:00+00:00,1455.84,1457.28,1436.4,1439.96,1339421
GOOG,2020-01-31 00:00:00+00:00,1434.23,1470.13,1428.53,1468.9,2417214
GOOG,2020-02-03 00:00:00+00:00,1485.94,1490.0,1458.99,1462.0,3055216
GOOG,2020-02-04 00:00:00+00:00,1447.07,1469.5,1426.3,1457.07,3932954
GOOG,2020-02-05 00:00:00+00:00,1448.23,1463.84,1430.56,1462.42,1986157
GOOG,2020-02-06 00:00:00+00:00,1476.23,1482.0,1449.57,1450.33,1679384
GOOG,2020-02-07 00:00:00+00:00,1479.23,1485.84,1466.35,1467.3,1172270
GOOG,2020-02-10 00:00:00+00:00,1508.68,1509.5,1474.32,1474.32,1419876
GOOG,2020-02-11 00:00:00+00:00,1508.79,1529.63,1505.638,1511.81,1344633
GOOG,2020-02-12 00:00:00+00:00,1518.27,1520.695,1508.11,1514.48,1167565
GOOG,2020-02-13 00:00:00+00:00,1514.66,1527.18,1504.6,1512.69,929730
GOOG,2020-02-14 00:00:00+00:00,1520.74,1520.74,1507.34,1515.6,1197836
GOOG,2020-02-18 00:00:00+00:00,1519.67,1531.63,1512.59,1515.0,1121140
GOOG,2020-02-19 00:00:00+00:00,1526.69,1532.106,1521.4,1525.07,949268
GOOG,2020-02-20 00:00:00+00:00,1518.15,1529.64,1506.82,1522.0,1096552
GOOG,2020-02-21 00:00:00+00:00,1485.11,1512.215,1480.44,1508.03,1732273
GOOG,2020-02-24 00:00:00+00:00,1421.59,1436.97,1411.39,1426.11,2867053
GOOG,2020-02-25 00:00:00+00:00,1388.45,1438.14,1382.4,1433.0,2478278
GOOG,2020-02-26 00:00:00+00:00,1393.18,1415.7,1379.0,1396.14,2204037
GOOG,2020-02-27 00:00:00+00:00,1318.09,1371.704,1317.17,1362.06,2978300
GOOG,2020-02-28 00:00:00+00:00,1339.33,1341.14,1271.0,1277.5,3790618
GOOG,2020-03-02 00:00:00+00:00,1389.11,1390.87,1326.815,1351.61,2431468
GOOG,2020-03-03 00:00:00+00:00,1341.39,1410.15,1332.0,1399.42,2402326
GOOG,2020-03-04 00:00:00+00:00,1386.52,1388.09,1343.11,1359.23,1913315
GOOG,2020-03-05 00:00:00+00:00,1319.04,1358.91,1305.1,1350.2,2561288
GOOG,2020-03-06 00:00:00+00:00,1298.41,1306.22,1261.05,1277.06,2660628
GOOG,2020-03-09 00:00:00+00:00,1215.56,1254.76,1200.0,1205.3,3365365
GOOG,2020-03-10 00:00:00+00:00,1280.39,1281.15,1218.77,1260.0,2611373
GOOG,2020-03-11 00:00:00+00:00,1215.41,1260.96,1196.07,1249.7,2611229
GOOG,2020-03-12 00:00:00+00:00,1114.91,1193.87,1113.3,1126.0,4226748
GOOG,2020-03-13 00:00:00+00:00,1219.73,1219.76,1117.143,1179.0,3700125
GOOG,2020-03-16 00:00:00+00:00,1084.33,1152.267,1074.44,1096.0,4252365
GOOG,2020-03-17 00:00:00+00:00,1119.8,1130.86,1056.01,1093.11,3861489
GOOG,2020-03-18 00:00:00+00:00,1096.8,1106.5,1037.28,1056.51,4233435
GOOG,2020-03-19 00:00:00+00:00,1115.29,1157.97,1060.108,1093.05,3651106
GOOG,2020-03-20 00:00:00+00:00,1072.32,1143.99,1065.49,1135.72,3601750
GOOG,2020-03-23 00:00:00+00:00,1056.62,1071.32,1013.536,1061.32,4044137
GOOG,2020-03-24 00:00:00+00:00,1134.46,1135.0,1090.62,1103.77,3344450
GOOG,2020-03-25 00:00:00+00:00,1102.49,1148.9,1086.01,1126.47,4081528
GOOG,2020-03-26 00:00:00+00:00,1161.75,1169.97,1093.53,1111.8,3573755
GOOG,2020-03-27 00:00:00+00:00,1110.71,1150.67,1105.91,1125.67,3208495
GOOG,2020-03-30 00:00:00+00:00,1146.82,1151.63,1096.48,1125.04,2574061
GOOG,2020-03-31 00:00:00+00:00,1162.81,1175.31,1138.14,1147.3,2487983
GOOG,2020-04-01 00:00:00+00:00,1105.62,1129.69,1097.45,1122.0,2344173
GOOG,2020-04-02 00:00:00+00:00,1120.84,1126.86,1096.4,1098.26,1964881
GOOG,2020-04-03 00:00:00+00:00,1097.88,1123.54,1079.81,1119.015,2313400
GOOG,2020-04-06 00:00:00+00:00,1186.92,1194.66,1130.94,1138.0,2664723
GOOG,2020-04-07 00:00:00+00:00,1186.51,1225.0,1182.23,1221.0,2387329
GOOG,2020-04-08 00:00:00+00:00,1210.28,1219.07,1188.16,1206.5,1975135
GOOG,2020-04-09 00:00:00+00:00,1211.45,1225.57,1196.735,1224.08,2175421
GOOG,2020-04-13 00:00:00+00:00,1217.56,1220.51,1187.598,1209.18,1739828
GOOG,2020-04-14 00:00:00+00:00,1269.23,1282.07,1236.93,1245.09,2470353
GOOG,2020-04-15 00:00:00+00:00,1262.47,1280.46,1240.4,1245.61,1671703
GOOG,2020-04-16 00:00:00+00:00,1263.47,1279.0,1242.62,1274.1,2518099
GOOG,2020-04-17 00:00:00+00:00,1283.25,1294.43,1271.23,1284.85,1949042
GOOG,2020-04-20 00:00:00+00:00,1266.61,1281.6,1261.37,1271.0,1695488
GOOG,2020-04-21 00:00:00+00:00,1216.34,1254.27,1209.71,1247.0,2153003
GOOG,2020-04-22 00:00:00+00:00,1263.21,1285.613,1242.0,1245.54,2093140
GOOG,2020-04-23 00:00:00+00:00,1276.31,1293.31,1265.67,1271.55,1566203
GOOG,2020-04-24 00:00:00+00:00,1279.31,1280.4,1249.45,1261.17,1640394
GOOG,2020-04-27 00:00:00+00:00,1275.88,1296.15,1269.0,1296.0,1600563
GOOG,2020-04-28 00:00:00+00:00,1233.67,1288.05,1232.2,1287.93,2951309
GOOG,2020-04-29 00:00:00+00:00,1341.48,1359.99,1325.34,1341.46,3793630
GOOG,2020-04-30 00:00:00+00:00,1348.66,1352.82,1322.49,1324.88,2668906
GOOG,2020-05-01 00:00:00+00:00,1320.61,1352.07,1311.0,1328.5,2072639
GOOG,2020-05-04 00:00:00+00:00,1326.8,1327.66,1299.0,1308.23,1504017
GOOG,2020-05-05 00:00:00+00:00,1351.11,1373.94,1337.46,1337.92,1651533
GOOG,2020-05-06 00:00:00+00:00,1347.3,1371.12,1347.29,1361.69,1215423
GOOG,2020-05-07 00:00:00+00:00,1372.56,1377.6,1355.27,1365.94,1399759
GOOG,2020-05-08 00:00:00+00:00,1388.37,1398.76,1375.48,1383.13,1388068
GOOG,2020-05-11 00:00:00+00:00,1403.26,1416.53,1377.152,1378.28,1412116
GOOG,2020-05-12 00:00:00+00:00,1375.74,1415.0,1374.77,1407.12,1390600
GOOG,2020-05-13 00:00:00+00:00,1349.33,1385.482,1328.4,1377.05,1812585
GOOG,2020-05-14 00:00:00+00:00,1356.13,1357.42,1323.91,1335.02,1603077
GOOG,2020-05-15 00:00:00+00:00,1373.19,1374.48,1339.0,1350.0,1707747
GOOG,2020-05-18 00:00:00+00:00,1383.94,1392.325,1354.25,1361.75,1823964
GOOG,2020-05-19 00:00:00+00:00,1373.485,1392.0,1373.485,1386.997,1280649
GOOG,2020-05-20 00:00:00+00:00,1406.72,1410.42,1387.25,1389.58,1655375
GOOG,2020-05-21 00:00:00+00:00,1402.8,1415.49,1393.45,1408.0,1378020
GOOG,2020-05-22 00:00:00+00:00,1410.42,1412.76,1391.83,1396.71,1309408
GOOG,2020-05-26 00:00:00+00:00,1417.02,1441.0,1412.13,1437.27,2060643
GOOG,2020-05-27 00:00:00+00:00,1417.84,1421.74,1391.29,1417.25,1686142
GOOG,2020-05-28 00:00:00+00:00,1416.73,1440.84,1396.0,1396.86,1693976
GOOG,2020-05-29 00:00:00+00:00,1428.92,1432.57,1413.35,1416.94,1838059
GOOG,2020-06-01 00:00:00+00:00,1431.82,1437.96,1418.0,1418.39,1217140
GOOG,2020-06-02 00:00:00+00:00,1439.22,1439.61,1418.83,1430.55,1278128
GOOG,2020-06-03 00:00:00+00:00,1436.38,1446.552,1429.777,1438.3,1256186
GOOG,2020-06-04 00:00:00+00:00,1412.18,1438.96,1404.73,1430.4,1484272
GOOG,2020-06-05 00:00:00+00:00,1438.39,1445.05,1406.0,1413.17,1735244
GOOG,2020-06-08 00:00:00+00:00,1446.61,1447.99,1422.34,1422.34,1404178
GOOG,2020-06-09 00:00:00+00:00,1456.16,1468.0,1443.21,1445.36,1409249
GOOG,2020-06-10 00:00:00+00:00,1465.85,1474.259,1456.27,1459.54,1525153
GOOG,2020-06-11 00:00:00+00:00,1403.84,1454.475,1402.0,1442.48,1991332
GOOG,2020-06-12 00:00:00+00:00,1413.18,1437.0,1386.02,1428.49,1946367
GOOG,2020-06-15 00:00:00+00:00,1419.85,1424.8,1387.92,1390.8,1506096
GOOG,2020-06-16 00:00:00+00:00,1442.72,1455.02,1425.9,1445.22,1711614
GOOG,2020-06-17 00:00:00+00:00,1451.12,1460.0,1431.38,1447.16,1549615
GOOG,2020-06-18 00:00:00+00:00,1435.96,1451.41,1427.01,1449.16,1581916
GOOG,2020-06-19 00:00:00+00:00,1431.72,1447.8,1421.35,1444.0,3157875
GOOG,2020-06-22 00:00:00+00:00,1451.86,1452.75,1423.21,1429.0,1542440
GOOG,2020-06-23 00:00:00+00:00,1464.41,1475.941,1445.24,1455.64,1429764
GOOG,2020-06-24 00:00:00+00:00,1431.97,1475.42,1429.75,1461.51,1756022
GOOG,2020-06-25 00:00:00+00:00,1441.33,1442.9,1420.0,1429.9,1230474
GOOG,2020-06-26 00:00:00+00:00,1359.9,1433.45,1351.99,1431.39,4267698
GOOG,2020-06-29 00:00:00+00:00,1394.97,1395.6,1347.01,1358.18,1810180
GOOG,2020-06-30 00:00:00+00:00,1413.61,1418.65,1383.96,1390.44,2042381
GOOG,2020-07-01 00:00:00+00:00,1438.04,1443.0,1409.82,1411.1,1775613
GOOG,2020-07-02 00:00:00+00:00,1464.7,1482.95,1446.42,1446.94,1859790
GOOG,2020-07-06 00:00:00+00:00,1495.7,1506.59,1472.86,1480.06,1563997
GOOG,2020-07-07 00:00:00+00:00,1485.18,1516.8,1483.55,1490.0,1458216
GOOG,2020-07-08 00:00:00+00:00,1496.0,1505.88,1485.63,1494.32,1249731
GOOG,2020-07-09 00:00:00+00:00,1510.99,1522.72,1488.085,1506.45,1423322
GOOG,2020-07-10 00:00:00+00:00,1541.74,1543.83,1496.54,1506.15,1857204
GOOG,2020-07-13 00:00:00+00:00,1511.34,1577.132,1505.243,1550.0,1846424
GOOG,2020-07-14 00:00:00+00:00,1520.58,1522.95,1483.5,1490.31,1585021
GOOG,2020-07-15 00:00:00+00:00,1513.64,1535.33,1498.0,1523.13,1761036
GOOG,2020-07-16 00:00:00+00:00,1518.0,1518.69,1486.31,1500.0,1519346
GOOG,2020-07-17 00:00:00+00:00,1515.55,1523.44,1498.42,1521.62,1457014
GOOG,2020-07-20 00:00:00+00:00,1565.72,1570.29,1503.6,1515.26,1547136
GOOG,2020-07-21 00:00:00+00:00,1558.42,1586.99,1554.28,1586.99,1183101
GOOG,2020-07-22 00:00:00+00:00,1568.49,1570.0,1546.1,1560.5,931985
GOOG,2020-07-23 00:00:00+00:00,1515.68,1571.87,1507.3918,1566.97,1627634
GOOG,2020-07-24 00:00:00+00:00,1511.87,1517.6362,1488.4,1498.93,1544404
GOOG,2020-07-27 00:00:00+00:00,1530.2,1540.97,1515.21,1515.6,1245980
GOOG,2020-07-28 00:00:00+00:00,1500.34,1526.48,1497.66,1525.18,1702174
GOOG,2020-07-29 00:00:00+00:00,1522.02,1531.2522,1501.33,1506.32,1106534
GOOG,2020-07-30 00:00:00+00:00,1531.45,1537.87,1492.22,1497.0,1671396
GOOG,2020-07-31 00:00:00+00:00,1482.96,1508.95,1454.03,1505.01,3429036
GOOG,2020-08-03 00:00:00+00:00,1474.45,1490.47,1465.64,1486.64,2331514
GOOG,2020-08-04 00:00:00+00:00,1464.97,1485.56,1458.65,1476.57,1903489
GOOG,2020-08-05 00:00:00+00:00,1473.61,1482.41,1463.46,1469.3,1979957
GOOG,2020-08-06 00:00:00+00:00,1500.1,1502.39,1466.0,1471.75,1995368
GOOG,2020-08-07 00:00:00+00:00,1494.49,1516.845,1481.64,1500.0,1577826
GOOG,2020-08-10 00:00:00+00:00,1496.1,1504.075,1473.08,1487.18,1289530
GOOG,2020-08-11 00:00:00+00:00,1480.32,1510.0,1478.0,1492.44,1454365
GOOG,2020-08-12 00:00:00+00:00,1506.62,1512.3859,1485.25,1485.58,1437655
GOOG,2020-08-13 00:00:00+00:00,1518.45,1537.25,1508.005,1510.34,1455208
GOOG,2020-08-14 00:00:00+00:00,1507.73,1521.9,1502.88,1515.66,1355200
GOOG,2020-08-17 00:00:00+00:00,1517.98,1525.61,1507.97,1514.67,1364082
GOOG,2020-08-18 00:00:00+00:00,1558.6,1562.47,1523.71,1526.18,2027086
GOOG,2020-08-19 00:00:00+00:00,1547.53,1573.68,1543.95,1553.31,1660611
GOOG,2020-08-20 00:00:00+00:00,1581.75,1585.87,1538.2,1543.45,1706877
GOOG,2020-08-21 00:00:00+00:00,1580.42,1597.72,1568.005,1577.03,1446453
GOOG,2020-08-24 00:00:00+00:00,1588.2,1614.17,1580.57,1593.98,1410229
GOOG,2020-08-25 00:00:00+00:00,1608.22,1611.62,1582.07,1582.07,2132084
GOOG,2020-08-26 00:00:00+00:00,1652.38,1659.22,1603.6,1608.0,3581072
GOOG,2020-08-27 00:00:00+00:00,1634.33,1655.0,1625.75,1653.68,1861602
GOOG,2020-08-28 00:00:00+00:00,1644.41,1647.1699,1630.75,1633.49,1499782
GOOG,2020-08-31 00:00:00+00:00,1634.18,1647.965,1630.31,1647.89,1823406
GOOG,2020-09-01 00:00:00+00:00,1660.71,1665.73,1632.22,1636.63,1826655
GOOG,2020-09-02 00:00:00+00:00,1728.28,1733.1799,1666.3301,1673.7754,2511180
GOOG,2020-09-03 00:00:00+00:00,1641.84,1709.7143,1615.06,1709.7143,3107763
GOOG,2020-09-04 00:00:00+00:00,1591.04,1645.11,1547.6125,1624.26,2608568
GOOG,2020-09-08 00:00:00+00:00,1532.39,1563.865,1528.01,1533.51,2610884
GOOG,2020-09-09 00:00:00+00:00,1556.96,1569.0,1536.0511,1557.53,1774704
GOOG,2020-09-10 00:00:00+00:00,1532.02,1584.081,1525.805,1560.64,1618557
GOOG,2020-09-11 00:00:00+00:00,1520.72,1575.2,1497.36,1536.0,1597087
GOOG,2020-09-14 00:00:00+00:00,1519.28,1563.9999,1515.74,1539.005,1696589
GOOG,2020-09-15 00:00:00+00:00,1541.44,1559.57,1531.835,1536.0,1331082
GOOG,2020-09-16 00:00:00+00:00,1520.9,1562.0,1519.82,1555.54,1312299
GOOG,2020-09-17 00:00:00+00:00,1495.53,1508.2984,1470.0001,1496.0,1879751
GOOG,2020-09-18 00:00:00+00:00,1459.99,1503.0032,1437.13,1498.01,3103882
GOOG,2020-09-21 00:00:00+00:00,1431.16,1448.36,1406.55,1440.06,2888827
GOOG,2020-09-22 00:00:00+00:00,1465.46,1469.52,1434.53,1450.09,1583201
GOOG,2020-09-23 00:00:00+00:00,1415.21,1460.96,1407.7,1458.78,1657350
GOOG,2020-09-24 00:00:00+00:00,1428.29,1443.7088,1409.85,1411.03,1450216
GOOG,2020-09-25 00:00:00+00:00,1444.96,1450.0,1413.34,1432.63,1323375
GOOG,2020-09-28 00:00:00+00:00,1464.52,1476.8,1449.3012,1474.21,2007941
GOOG,2020-09-29 00:00:00+00:00,1469.33,1476.6632,1458.805,1470.39,979102
GOOG,2020-09-30 00:00:00+00:00,1469.6,1489.75,1459.88,1466.8,1701608
GOOG,2020-10-01 00:00:00+00:00,1490.09,1499.04,1479.21,1484.27,1779497
GOOG,2020-10-02 00:00:00+00:00,1458.42,1483.2,1450.92,1462.03,1284071
GOOG,2020-10-05 00:00:00+00:00,1486.02,1488.21,1464.27,1466.21,1113257
GOOG,2020-10-06 00:00:00+00:00,1453.44,1486.76,1448.5901,1475.58,1245423
GOOG,2020-10-07 00:00:00+00:00,1460.29,1468.96,1436.0,1464.29,1746156
GOOG,2020-10-08 00:00:00+00:00,1485.93,1490.0,1465.09,1465.09,1187831
GOOG,2020-10-09 00:00:00+00:00,1515.22,1516.52,1489.45,1494.7,1435542
GOOG,2020-10-12 00:00:00+00:00,1569.15,1593.86,1532.57,1543.0,2482560
GOOG,2020-10-13 00:00:00+00:00,1571.68,1590.0,1563.2,1583.73,1601043
GOOG,2020-10-14 00:00:00+00:00,1568.08,1587.6841,1550.53,1578.59,1930990
GOOG,2020-10-15 00:00:00+00:00,1559.13,1575.105,1545.03,1547.15,1540817
GOOG,2020-10-16 00:00:00+00:00,1573.01,1581.13,1563.0,1565.85,1435137
GOOG,2020-10-19 00:00:00+00:00,1534.61,1588.15,1528.0,1580.46,1607075
GOOG,2020-10-20 00:00:00+00:00,1555.93,1577.5,1525.67,1527.05,2242572
GOOG,2020-10-21 00:00:00+00:00,1593.31,1618.73,1571.6301,1573.33,2568345
GOOG,2020-10-22 00:00:00+00:00,1615.33,1621.99,1585.0,1593.05,1434042
GOOG,2020-10-23 00:00:00+00:00,1641.0,1642.36,1620.51,1626.07,1375844
GOOG,2020-10-26 00:00:00+00:00,1590.45,1638.24,1576.5,1625.01,1853254
GOOG,2020-10-27 00:00:00+00:00,1604.26,1606.845,1582.78,1595.67,1229002
GOOG,2020-10-28 00:00:00+00:00,1516.62,1561.35,1514.62,1559.74,1833959
GOOG,2020-10-29 00:00:00+00:00,1567.24,1593.71,1522.24,1522.36,2003064
GOOG,2020-10-30 00:00:00+00:00,1621.01,1687.0,1604.46,1672.11,4330862
GOOG,2020-11-02 00:00:00+00:00,1626.03,1660.77,1616.03,1628.16,2535446
GOOG,2020-11-03 00:00:00+00:00,1650.21,1661.7,1616.6201,1631.78,1661653
GOOG,2020-11-04 00:00:00+00:00,1749.13,1771.365,1706.0301,1710.28,3570927
GOOG,2020-11-05 00:00:00+00:00,1763.37,1793.64,1750.51,1781.0,2065812
GOOG,2020-11-06 00:00:00+00:00,1761.75,1772.43,1740.35,1753.95,1661225
GOOG,2020-11-09 00:00:00+00:00,1763.0,1818.06,1760.02,1790.9,2268270
GOOG,2020-11-10 00:00:00+00:00,1740.39,1763.0,1717.3,1731.09,2636142
GOOG,2020-11-11 00:00:00+00:00,1752.71,1764.22,1747.365,1750.0,1263966
GOOG,2020-11-12 00:00:00+00:00,1749.84,1768.27,1745.6,1747.63,1248754
GOOG,2020-11-13 00:00:00+00:00,1777.02,1781.04,1744.55,1757.63,1500574
GOOG,2020-11-16 00:00:00+00:00,1781.38,1799.07,1767.69,1771.7,1246785
GOOG,2020-11-17 00:00:00+00:00,1770.15,1785.0,1767.0,1776.94,1147114
GOOG,2020-11-18 00:00:00+00:00,1746.78,1773.47,1746.14,1765.23,1173466
GOOG,2020-11-19 00:00:00+00:00,1763.92,1769.5897,1737.005,1738.38,1249910
GOOG,2020-11-20 00:00:00+00:00,1742.19,1774.0,1741.86,1765.21,2313655
GOOG,2020-11-23 00:00:00+00:00,1734.86,1753.9,1717.72,1749.6,2161975
GOOG,2020-11-24 00:00:00+00:00,1768.88,1771.6,1727.69,1730.5,1491698
GOOG,2020-11-25 00:00:00+00:00,1771.43,1778.54,1756.54,1772.89,1046122
GOOG,2020-11-27 00:00:00+00:00,1793.19,1804.0,1772.44,1773.09,884916
GOOG,2020-11-30 00:00:00+00:00,1760.74,1788.065,1755.0,1781.1844,1823836
GOOG,2020-12-01 00:00:00+00:00,1798.1,1824.83,1769.37,1774.37,1693593
GOOG,2020-12-02 00:00:00+00:00,1827.95,1835.65,1789.4725,1798.1,1222032
GOOG,2020-12-03 00:00:00+00:00,1826.77,1847.2,1822.65,1824.01,1227298
GOOG,2020-12-04 00:00:00+00:00,1827.99,1833.16,1816.99,1824.52,1378166
GOOG,2020-12-07 00:00:00+00:00,1819.48,1832.37,1805.78,1819.0,1320946
GOOG,2020-12-08 00:00:00+00:00,1818.55,1821.9,1796.2047,1810.1,1096319
GOOG,2020-12-09 00:00:00+00:00,1784.13,1834.27,1767.81,1812.01,1507558
GOOG,2020-12-10 00:00:00+00:00,1775.33,1781.31,1740.32,1769.8,1362848
GOOG,2020-12-11 00:00:00+00:00,1781.77,1784.45,1760.0,1763.06,1220651
GOOG,2020-12-14 00:00:00+00:00,1760.06,1797.39,1757.215,1775.0,1600173
GOOG,2020-12-15 00:00:00+00:00,1767.77,1771.42,1749.95,1764.42,1482261
GOOG,2020-12-16 00:00:00+00:00,1763.0,1773.0,1756.08,1772.88,1513543
GOOG,2020-12-17 00:00:00+00:00,1747.9,1771.7836,1738.66,1768.51,1624744
GOOG,2020-12-18 00:00:00+00:00,1731.01,1755.11,1720.22,1754.18,4016353
GOOG,2020-12-21 00:00:00+00:00,1739.37,1740.85,1699.0,1713.51,1828378
GOOG,2020-12-22 00:00:00+00:00,1723.5,1737.405,1712.575,1734.43,938346
GOOG,2020-12-23 00:00:00+00:00,1732.38,1747.99,1725.04,1728.11,1033917
GOOG,2020-12-24 00:00:00+00:00,1738.85,1746.0,1729.11,1735.0,346753
GOOG,2020-12-28 00:00:00+00:00,1776.09,1790.7276,1746.335,1751.635,1390962
GOOG,2020-12-29 00:00:00+00:00,1758.72,1792.44,1756.09,1787.79,1299395
GOOG,2020-12-30 00:00:00+00:00,1739.52,1765.095,1725.6,1762.01,1306130
GOOG,2020-12-31 00:00:00+00:00,1751.88,1758.93,1735.42,1735.42,1012240
GOOG,2021-01-04 00:00:00+00:00,1728.24,1760.65,1707.85,1757.54,1901855
GOOG,2021-01-05 00:00:00+00:00,1740.92,1747.67,1718.015,1725.0,1145347
GOOG,2021-01-06 00:00:00+00:00,1735.29,1748.0,1699.0,1702.63,2602114
GOOG,2021-01-07 00:00:00+00:00,1787.25,1788.4,1737.05,1740.06,2265022
GOOG,2021-01-08 00:00:00+00:00,1807.21,1809.84,1773.535,1787.98,2051002
GOOG,2021-01-11 00:00:00+00:00,1766.72,1794.315,1760.5201,1786.07,1209735
GOOG,2021-01-12 00:00:00+00:00,1746.55,1778.04,1725.31,1753.92,1356464
GOOG,2021-01-13 00:00:00+00:00,1754.4,1765.035,1738.01,1738.58,1094131
GOOG,2021-01-14 00:00:00+00:00,1740.18,1775.01,1733.4,1753.62,1179477
GOOG,2021-01-15 00:00:00+00:00,1736.19,1756.0,1721.55,1738.19,1342170
GOOG,2021-01-19 00:00:00+00:00,1790.86,1809.275,1741.46,1752.25,1734614
GOOG,2021-01-20 00:00:00+00:00,1886.9,1903.71,1825.53,1831.46,2490258
GOOG,2021-01-21 00:00:00+00:00,1891.25,1934.86,1887.11,1898.0,2063932
GOOG,2021-01-22 00:00:00+00:00,1901.05,1910.95,1881.76,1895.68,1272232
GOOG,2021-01-25 00:00:00+00:00,1899.4,1929.58,1867.53,1920.67,1927320
GOOG,2021-01-26 00:00:00+00:00,1917.24,1925.0,1884.245,1888.84,1313139
GOOG,2021-01-27 00:00:00+00:00,1830.79,1890.0,1809.0,1882.53,2748292
GOOG,2021-01-28 00:00:00+00:00,1863.11,1898.83,1842.64,1843.94,1773138
GOOG,2021-01-29 00:00:00+00:00,1835.74,1857.28,1810.2,1846.17,1612552
GOOG,2021-02-01 00:00:00+00:00,1901.35,1922.3918,1850.93,1853.57,1602182
GOOG,2021-02-02 00:00:00+00:00,1927.51,1955.76,1914.49,1922.56,2103864
GOOG,2021-02-03 00:00:00+00:00,2070.07,2116.5,2018.38,2073.0,4118170
GOOG,2021-02-04 00:00:00+00:00,2062.37,2078.55,2042.59,2068.89,1852329
GOOG,2021-02-05 00:00:00+00:00,2098.0,2102.51,2059.33,2070.0,1535135
GOOG,2021-02-08 00:00:00+00:00,2092.91,2123.5469,2072.0,2105.91,1242411
GOOG,2021-02-09 00:00:00+00:00,2083.51,2105.13,2078.54,2078.54,886247
GOOG,2021-02-10 00:00:00+00:00,2095.38,2108.37,2063.09,2094.21,1132741
GOOG,2021-02-11 00:00:00+00:00,2095.89,2102.03,2077.32,2099.51,945650
GOOG,2021-02-12 00:00:00+00:00,2104.11,2108.82,2083.13,2090.25,855865
GOOG,2021-02-16 00:00:00+00:00,2121.9,2152.68,2104.36,2104.36,1133838
GOOG,2021-02-17 00:00:00+00:00,2128.31,2133.66,2098.92,2100.0,1020252
GOOG,2021-02-18 00:00:00+00:00,2117.2,2132.735,2103.71,2110.39,1121855
GOOG,2021-02-19 00:00:00+00:00,2101.14,2130.53,2097.41,2119.27,1457612
GOOG,2021-02-22 00:00:00+00:00,2064.88,2091.42,2062.14,2067.0,1349856
GOOG,2021-02-23 00:00:00+00:00,2070.86,2082.01,2002.02,2025.01,1667377
GOOG,2021-02-24 00:00:00+00:00,2095.17,2100.78,2038.13,2041.83,1248349
GOOG,2021-02-25 00:00:00+00:00,2031.36,2094.88,2021.29,2067.45,1761201
GOOG,2021-02-26 00:00:00+00:00,2036.86,2071.0099,2016.06,2050.52,2076974
GOOG,2021-03-01 00:00:00+00:00,2081.51,2086.52,2046.1,2056.52,1405115
GOOG,2021-03-02 00:00:00+00:00,2075.84,2104.37,2071.26,2076.19,1134595
GOOG,2021-03-03 00:00:00+00:00,2026.71,2088.518,2010.0,2067.21,1484181
GOOG,2021-03-04 00:00:00+00:00,2049.09,2089.24,2020.27,2023.37,2118006
GOOG,2021-03-05 00:00:00+00:00,2108.54,2118.11,2046.415,2073.12,2195218
GOOG,2021-03-08 00:00:00+00:00,2024.17,2128.81,2021.61,2101.13,1647429
GOOG,2021-03-09 00:00:00+00:00,2052.7,2078.04,2047.83,2070.0,1697306
GOOG,2021-03-10 00:00:00+00:00,2055.03,2075.0,2033.37,2071.76,1268592
GOOG,2021-03-11 00:00:00+00:00,2114.77,2125.7,2072.38,2074.06,1239080
GOOG,2021-03-12 00:00:00+00:00,2061.92,2090.26,2047.55,2085.0,1725794
GOOG,2021-03-15 00:00:00+00:00,2066.49,2067.06,2043.51,2062.3,1298325
GOOG,2021-03-16 00:00:00+00:00,2092.52,2123.56,2070.0,2078.99,1491564
GOOG,2021-03-17 00:00:00+00:00,2091.08,2109.78,2054.0,2076.03,1299016
GOOG,2021-03-18 00:00:00+00:00,2036.22,2075.5,2033.55,2061.0,1362430
GOOG,2021-03-19 00:00:00+00:00,2043.2,2053.1,2017.68,2042.05,2314893
GOOG,2021-03-22 00:00:00+00:00,2038.59,2057.99,2026.07,2041.84,1954816
GOOG,2021-03-23 00:00:00+00:00,2052.96,2072.3025,2039.22,2051.7,1366997
GOOG,2021-03-24 00:00:00+00:00,2045.06,2078.21,2041.555,2065.37,1154029
GOOG,2021-03-25 00:00:00+00:00,2044.36,2058.87,2010.73,2044.81,1418907
GOOG,2021-03-26 00:00:00+00:00,2035.55,2050.99,2014.0201,2038.86,1493800
GOOG,2021-03-29 00:00:00+00:00,2055.95,2058.43,2015.62,2027.88,1229777
GOOG,2021-03-30 00:00:00+00:00,2055.54,2070.78,2044.03,2057.63,1036774
GOOG,2021-03-31 00:00:00+00:00,2068.63,2093.3273,2056.745,2059.12,1459930
GOOG,2021-04-01 00:00:00+00:00,2137.75,2142.94,2096.89,2097.95,1698978
GOOG,2021-04-05 00:00:00+00:00,2225.55,2237.31,2151.62,2152.94,2164875
GOOG,2021-04-06 00:00:00+00:00,2224.75,2237.66,2214.8,2222.5,1353036
GOOG,2021-04-07 00:00:00+00:00,2249.68,2255.0,2225.3303,2226.13,1289861
GOOG,2021-04-08 00:00:00+00:00,2265.44,2284.005,2257.68,2277.96,1358259
GOOG,2021-04-09 00:00:00+00:00,2285.88,2289.04,2253.7139,2256.7,1044365
GOOG,2021-04-12 00:00:00+00:00,2254.79,2275.32,2238.465,2266.25,1565851
GOOG,2021-04-13 00:00:00+00:00,2267.27,2277.21,2256.09,2261.47,1165804
GOOG,2021-04-14 00:00:00+00:00,2254.84,2277.99,2249.19,2275.16,1010967
GOOG,2021-04-15 00:00:00+00:00,2296.66,2306.5965,2266.0,2276.98,1373612
GOOG,2021-04-16 00:00:00+00:00,2297.76,2306.44,2284.45,2303.0,1130090
GOOG,2021-04-19 00:00:00+00:00,2302.4,2318.45,2287.845,2291.98,1234445
GOOG,2021-04-20 00:00:00+00:00,2293.63,2309.6,2271.71,2307.89,1088749
GOOG,2021-04-21 00:00:00+00:00,2293.29,2295.32,2258.57,2285.25,1196731
GOOG,2021-04-22 00:00:00+00:00,2267.92,2303.7621,2256.45,2293.23,1054808
GOOG,2021-04-23 00:00:00+00:00,2315.3,2325.82,2278.21,2283.47,1435162
GOOG,2021-04-26 00:00:00+00:00,2326.74,2341.26,2313.84,2319.93,1041650
GOOG,2021-04-27 00:00:00+00:00,2307.12,2337.45,2304.27,2336.0,1598583
GOOG,2021-04-28 00:00:00+00:00,2379.91,2452.378,2374.85,2407.145,2986439
GOOG,2021-04-29 00:00:00+00:00,2429.89,2436.52,2402.28,2410.33,1977677
GOOG,2021-04-30 00:00:00+00:00,2410.12,2427.14,2402.16,2404.49,1957130
GOOG,2021-05-03 00:00:00+00:00,2395.17,2419.7,2384.5,2402.72,1689389
GOOG,2021-05-04 00:00:00+00:00,2354.25,2379.26,2311.7,2369.74,1756015
GOOG,2021-05-05 00:00:00+00:00,2356.74,2382.2,2351.41,2368.42,1090275
GOOG,2021-05-06 00:00:00+00:00,2381.35,2382.71,2342.3382,2350.64,1030859
GOOG,2021-05-07 00:00:00+00:00,2398.69,2416.41,2390.0,2400.0,1163892
GOOG,2021-05-10 00:00:00+00:00,2341.66,2378.0,2334.73,2374.89,1300271
GOOG,2021-05-11 00:00:00+00:00,2308.76,2322.0,2283.0,2291.86,1605548
GOOG,2021-05-12 00:00:00+00:00,2239.08,2285.37,2230.05,2261.71,1746664
GOOG,2021-05-13 00:00:00+00:00,2261.97,2276.6012,2242.72,2261.09,1333508
GOOG,2021-05-14 00:00:00+00:00,2316.16,2321.14,2283.32,2291.83,1331248
GOOG,2021-05-17 00:00:00+00:00,2321.41,2323.34,2295.0,2309.32,992416
GOOG,2021-05-18 00:00:00+00:00,2303.43,2343.15,2303.16,2336.9056,865119
GOOG,2021-05-19 00:00:00+00:00,2308.71,2316.76,2263.52,2264.4,967544
GOOG,2021-05-20 00:00:00+00:00,2356.09,2360.34,2321.09,2328.04,1191593
GOOG,2021-05-21 00:00:00+00:00,2345.1,2368.9999,2342.37,2365.99,1141632
GOOG,2021-05-24 00:00:00+00:00,2406.67,2418.48,2360.11,2367.0,1062189
GOOG,2021-05-25 00:00:00+00:00,2409.07,2432.89,2402.99,2420.0,941928
GOOG,2021-05-26 00:00:00+00:00,2433.53,2442.944,2412.515,2412.835,1092819
GOOG,2021-05-27 00:00:00+00:00,2402.51,2440.0,2402.0,2436.94,1948113
GOOG,2021-05-28 00:00:00+00:00,2411.56,2428.14,2407.69,2421.96,1205382
GOOG,2021-06-01 00:00:00+00:00,2429.81,2437.9709,2404.88,2422.0,958289
GOOG,2021-06-02 00:00:00+00:00,2421.28,2442.0,2404.2,2435.31,858105
GOOG,2021-06-03 00:00:00+00:00,2404.61,2409.745,2382.83,2395.02,917291
GOOG,2021-06-04 00:00:00+00:00,2451.76,2453.859,2417.77,2422.52,1297434
GOOG,2021-06-07 00:00:00+00:00,2466.09,2468.0,2441.0725,2451.32,1192453
GOOG,2021-06-08 00:00:00+00:00,2482.85,2494.495,2468.24,2479.9,1253253
GOOG,2021-06-09 00:00:00+00:00,2491.4,2505.0,2487.33,2499.5,1006337
GOOG,2021-06-10 00:00:00+00:00,2521.6,2523.26,2494.0,2494.01,1561733
GOOG,2021-06-11 00:00:00+00:00,2513.93,2526.99,2498.29,2524.92,1262309
GOOG,2021-06-14 00:00:00+00:00,2527.04,2528.23,2500.94,2513.39,1127522
GOOG,2021-06-15 00:00:00+00:00,2520.66,2537.24,2512.97,2530.44,1109130
GOOG,2021-06-16 00:00:00+00:00,2513.93,2530.47,2482.9994,2524.95,1307168
GOOG,2021-06-17 00:00:00+00:00,2527.42,2543.93,2510.3,2510.46,1287791
GOOG,2021-06-18 00:00:00+00:00,2511.35,2527.78,2492.06,2514.11,2665310
GOOG,2021-06-21 00:00:00+00:00,2529.1,2540.7349,2502.685,2514.8,1312826
GOOG,2021-06-22 00:00:00+00:00,2539.99,2545.4,2520.53,2529.0,1049310
GOOG,2021-06-23 00:00:00+00:00,2529.23,2555.92,2525.04,2531.0,984658
GOOG,2021-06-24 00:00:00+00:00,2545.64,2550.71,2539.2,2541.07,946662
GOOG,2021-06-25 00:00:00+00:00,2539.9,2550.1,2528.88,2539.14,1674297
GOOG,2021-06-28 00:00:00+00:00,2536.39,2546.74,2519.4756,2540.0,1405543
GOOG,2021-06-29 00:00:00+00:00,2520.37,2540.0,2508.74,2535.45,1047478
GOOG,2021-06-30 00:00:00+00:00,2506.32,2516.0,2495.15,2513.0713,1200478
GOOG,2021-07-01 00:00:00+00:00,2527.37,2529.25,2496.995,2496.995,856230
GOOG,2021-07-02 00:00:00+00:00,2574.38,2576.96,2535.38,2536.79,1058256
GOOG,2021-07-06 00:00:00+00:00,2595.42,2597.69,2568.18,2588.99,1067517
GOOG,2021-07-07 00:00:00+00:00,2601.55,2612.7983,2595.2,2606.82,834186
GOOG,2021-07-08 00:00:00+00:00,2583.54,2600.65,2560.8,2565.0,988975
GOOG,2021-07-09 00:00:00+00:00,2591.49,2596.99,2578.87,2578.89,755466
GOOG,2021-07-12 00:00:00+00:00,2611.28,2615.4,2592.0,2596.67,847546
GOOG,2021-07-13 00:00:00+00:00,2619.89,2640.8399,2612.74,2617.63,830898
GOOG,2021-07-14 00:00:00+00:00,2641.65,2659.9199,2637.96,2638.03,895927
GOOG,2021-07-15 00:00:00+00:00,2625.33,2651.9,2611.96,2650.0,829316
GOOG,2021-07-16 00:00:00+00:00,2636.91,2643.66,2616.43,2632.82,743059
GOOG,2021-07-19 00:00:00+00:00,2585.08,2624.94,2570.74,2623.11,1285466
GOOG,2021-07-20 00:00:00+00:00,2622.03,2640.0271,2583.7675,2600.08,954156
GOOG,2021-07-21 00:00:00+00:00,2652.01,2652.345,2612.03,2615.74,737082
GOOG,2021-07-22 00:00:00+00:00,2666.57,2670.09,2648.0,2653.0,680407
GOOG,2021-07-23 00:00:00+00:00,2756.32,2776.17,2694.01,2705.2,1318887
GOOG,2021-07-26 00:00:00+00:00,2792.89,2794.26,2753.0201,2765.0,1152623
GOOG,2021-07-27 00:00:00+00:00,2735.93,2800.22,2702.0,2800.22,2108153
GOOG,2021-07-28 00:00:00+00:00,2727.63,2793.52,2727.0,2771.24,2734417
GOOG,2021-07-29 00:00:00+00:00,2730.81,2743.03,2722.76,2727.612,948565
GOOG,2021-07-30 00:00:00+00:00,2704.42,2715.4273,2696.284,2710.22,1197725
GOOG,2021-08-02 00:00:00+00:00,2719.79,2720.41,2693.39,2709.69,1007002
GOOG,2021-08-03 00:00:00+00:00,2725.6,2726.71,2683.67,2720.0,953200
GOOG,2021-08-04 00:00:00+00:00,2720.57,2730.76,2708.3,2724.99,826357
GOOG,2021-08-05 00:00:00+00:00,2738.8,2739.0,2712.0,2720.57,593589
GOOG,2021-08-06 00:00:00+00:00,2740.72,2741.6009,2720.93,2725.9,678251
GOOG,2021-08-09 00:00:00+00:00,2760.04,2766.43,2728.575,2738.98,618978
GOOG,2021-08-10 00:00:00+00:00,2761.93,2771.03,2744.53,2761.59,801954
GOOG,2021-08-11 00:00:00+00:00,2753.79,2776.955,2747.0,2765.66,760483
GOOG,2021-08-12 00:00:00+00:00,2767.79,2768.36,2735.58,2754.26,732470
GOOG,2021-08-13 00:00:00+00:00,2768.12,2773.48,2760.1,2767.15,626348
GOOG,2021-08-16 00:00:00+00:00,2778.32,2779.81,2723.315,2760.0,902542
GOOG,2021-08-17 00:00:00+00:00,2746.01,2774.37,2735.75,2763.82,1063701
GOOG,2021-08-18 00:00:00+00:00,2731.4,2765.88,2728.42,2742.31,746723
GOOG,2021-08-19 00:00:00+00:00,2738.27,2749.04,2707.12,2709.35,914796
GOOG,2021-08-20 00:00:00+00:00,2768.74,2772.29,2729.34,2741.66,778337
GOOG,2021-08-23 00:00:00+00:00,2821.99,2843.5399,2774.9586,2779.97,1054484
GOOG,2021-08-24 00:00:00+00:00,2847.97,2860.15,2827.07,2830.87,756313
GOOG,2021-08-25 00:00:00+00:00,2859.0,2866.26,2848.79,2857.66,642153
GOOG,2021-08-26 00:00:00+00:00,2842.46,2862.696,2841.83,2852.37,746100
GOOG,2021-08-27 00:00:00+00:00,2891.01,2900.22,2840.4,2842.25,1228412
GOOG,2021-08-30 00:00:00+00:00,2909.39,2929.7899,2892.0,2894.09,845795
GOOG,2021-08-31 00:00:00+00:00,2909.24,2922.24,2900.0,2917.69,1337821
GOOG,2021-09-01 00:00:00+00:00,2916.84,2936.4099,2912.29,2913.0,791234
GOOG,2021-09-02 00:00:00+00:00,2884.38,2926.5,2882.13,2918.99,1092790
GOOG,2021-09-03 00:00:00+00:00,2895.5,2907.54,2870.1,2882.92,955524
GOOG,2021-09-07 00:00:00+00:00,2910.38,2916.48,2890.82,2894.99,758630
GOOG,2021-09-08 00:00:00+00:00,2897.67,2911.02,2884.0,2907.87,774583
GOOG,2021-09-09 00:00:00+00:00,2898.27,2913.39,2888.68,2897.67,739928
GOOG,2021-09-10 00:00:00+00:00,2838.42,2920.38,2834.83,2908.87,1644831
GOOG,2021-09-13 00:00:00+00:00,2869.3,2883.82,2845.65,2864.02,1008781
GOOG,2021-09-14 00:00:00+00:00,2868.12,2894.55,2858.11,2883.22,945957
GOOG,2021-09-15 00:00:00+00:00,2904.12,2911.63,2845.12,2875.18,1032671
GOOG,2021-09-16 00:00:00+00:00,2887.47,2904.0,2868.3272,2902.42,1014942
GOOG,2021-09-17 00:00:00+00:00,2829.27,2884.99,2821.23,2875.97,3001991
GOOG,2021-09-20 00:00:00+00:00,2780.34,2787.25,2741.06,2780.0035,1745886
GOOG,2021-09-21 00:00:00+00:00,2792.93,2816.2323,2778.11,2802.34,906469
GOOG,2021-09-22 00:00:00+00:00,2818.77,2831.67,2789.435,2801.01,1103390
GOOG,2021-09-23 00:00:00+00:00,2836.53,2845.0493,2821.93,2832.19,863805
GOOG,2021-09-24 00:00:00+00:00,2852.66,2858.07,2817.01,2818.92,747467
GOOG,2021-09-27 00:00:00+00:00,2830.02,2850.0,2810.0,2831.71,942204
GOOG,2021-09-28 00:00:00+00:00,2723.68,2792.13,2714.0,2781.77,2109483
GOOG,2021-09-29 00:00:00+00:00,2690.42,2747.97,2685.0,2742.1938,1316861
GOOG,2021-09-30 00:00:00+00:00,2665.31,2711.8,2660.0,2686.5,1768199
GOOG,2021-10-01 00:00:00+00:00,2729.25,2741.42,2667.55,2671.09,1419365
GOOG,2021-10-04 00:00:00+00:00,2675.3,2714.0,2623.33,2713.99,1576495
GOOG,2021-10-05 00:00:00+00:00,2723.54,2747.24,2680.0,2680.0,1206337
GOOG,2021-10-06 00:00:00+00:00,2747.08,2757.04,2689.73,2692.51,988216
GOOG,2021-10-07 00:00:00+00:00,2783.71,2803.0891,2771.26,2777.26,912523
GOOG,2021-10-08 00:00:00+00:00,2801.12,2806.34,2788.5868,2798.12,946421
GOOG,2021-10-11 00:00:00+00:00,2776.95,2815.2725,2776.13,2796.0,829238
GOOG,2021-10-12 00:00:00+00:00,2734.26,2793.9,2725.0,2792.75,1126751
GOOG,2021-10-13 00:00:00+00:00,2758.0,2771.0,2739.53,2755.0,819664
GOOG,2021-10-14 00:00:00+00:00,2828.24,2833.03,2786.78,2799.04,1071878
GOOG,2021-10-15 00:00:00+00:00,2833.5,2844.0,2821.29,2844.0,1062668
GOOG,2021-10-18 00:00:00+00:00,2859.21,2859.975,2824.27,2824.27,828360
GOOG,2021-10-19 00:00:00+00:00,2876.44,2882.14,2861.92,2865.83,765792
GOOG,2021-10-20 00:00:00+00:00,2848.3,2884.955,2838.24,2884.45,896975
GOOG,2021-10-21 00:00:00+00:00,2855.61,2856.99,2832.74,2843.84,742496
GOOG,2021-10-22 00:00:00+00:00,2772.5,2831.17,2743.41,2807.02,1509132
GOOG,2021-10-25 00:00:00+00:00,2775.46,2784.116,2734.97,2776.21,1054085
GOOG,2021-10-26 00:00:00+00:00,2793.44,2816.79,2780.11,2812.12,1412937
GOOG,2021-10-27 00:00:00+00:00,2928.55,2982.36,2798.05,2798.05,2592546
GOOG,2021-10-28 00:00:00+00:00,2922.58,2948.49,2895.27,2945.98,1620903
GOOG,2021-10-29 00:00:00+00:00,2965.41,2972.26,2903.33,2910.4,1447725
GOOG,2021-11-01 00:00:00+00:00,2875.48,2967.99,2871.59,2963.3,1578447
GOOG,2021-11-02 00:00:00+00:00,2917.26,2938.41,2892.82,2896.1877,1054648
GOOG,2021-11-03 00:00:00+00:00,2935.8,2938.21,2901.07,2925.5,894330
GOOG,2021-11-04 00:00:00+00:00,2973.66,2999.0,2932.7,2944.0,1235040
GOOG,2021-11-05 00:00:00+00:00,2984.82,3011.4145,2973.04,2987.07,1020407
GOOG,2021-11-08 00:00:00+00:00,2987.03,3020.6899,2982.4,3000.0,919407
GOOG,2021-11-09 00:00:00+00:00,2984.97,3007.57,2950.14,2994.92,842214
GOOG,2021-11-10 00:00:00+00:00,2932.52,2973.9999,2906.5,2960.195,1135416
GOOG,2021-11-11 00:00:00+00:00,2934.96,2970.045,2933.89,2942.14,623155
GOOG,2021-11-12 00:00:00+00:00,2992.91,2997.19,2929.08,2956.63,849970
GOOG,2021-11-15 00:00:00+00:00,2987.76,3009.54,2973.05,3000.0,812367
GOOG,2021-11-16 00:00:00+00:00,2981.52,2996.65,2967.0,2983.41,862743
GOOG,2021-11-17 00:00:00+00:00,2981.24,2992.52,2971.26,2984.58,764541
GOOG,2021-11-18 00:00:00+00:00,3014.18,3032.2,2979.97,2982.92,1334120
GOOG,2021-11-19 00:00:00+00:00,2999.05,3037.0,2997.75,3020.0,989148
GOOG,2021-11-22 00:00:00+00:00,2941.57,3014.89,2940.11,3002.8352,1231385
GOOG,2021-11-23 00:00:00+00:00,2935.14,2953.88,2897.79,2942.26,906657
GOOG,2021-11-24 00:00:00+00:00,2934.35,2940.0,2903.98,2927.0,823203
GOOG,2021-11-26 00:00:00+00:00,2856.12,2905.9404,2849.71,2900.31,849606
GOOG,2021-11-29 00:00:00+00:00,2922.28,2937.24,2885.97,2885.97,1313806
GOOG,2021-11-30 00:00:00+00:00,2849.04,2932.57,2841.32,2909.005,2079526
GOOG,2021-12-01 00:00:00+00:00,2832.36,2929.9825,2830.0,2884.25,1427289
GOOG,2021-12-02 00:00:00+00:00,2875.53,2893.5,2819.64,2836.48,1062535
GOOG,2021-12-03 00:00:00+00:00,2850.41,2904.2599,2823.0,2889.91,1334374
GOOG,2021-12-06 00:00:00+00:00,2875.93,2887.03,2812.94,2871.48,1109885
GOOG,2021-12-07 00:00:00+00:00,2960.73,2966.0,2914.05,2919.0,1162914
GOOG,2021-12-08 00:00:00+00:00,2974.41,2983.13,2944.0,2966.63,948197
GOOG,2021-12-09 00:00:00+00:00,2962.12,2992.1,2950.58,2963.52,929030
GOOG,2021-12-10 00:00:00+00:00,2973.5,2988.0,2947.15,2982.0,1081923
GOOG,2021-12-13 00:00:00+00:00,2934.09,2971.25,2927.2,2968.88,1205196
GOOG,2021-12-14 00:00:00+00:00,2899.41,2908.84,2844.85,2895.4,1238940
GOOG,2021-12-15 00:00:00+00:00,2947.37,2950.345,2854.11,2887.32,1364048
GOOG,2021-12-16 00:00:00+00:00,2896.77,2971.03,2881.85,2961.54,1369987
GOOG,2021-12-17 00:00:00+00:00,2856.06,2889.2019,2835.76,2854.29,2170235
GOOG,2021-12-20 00:00:00+00:00,2848.03,2852.21,2805.0,2813.5919,1013176
GOOG,2021-12-21 00:00:00+00:00,2884.41,2893.8413,2834.7,2863.0,977597
GOOG,2021-12-22 00:00:00+00:00,2938.98,2946.06,2879.26,2882.0,922024
GOOG,2021-12-23 00:00:00+00:00,2942.85,2971.4519,2939.0168,2941.79,690934
GOOG,2021-12-27 00:00:00+00:00,2961.28,2968.53,2945.0,2949.27,662966
GOOG,2021-12-28 00:00:00+00:00,2928.96,2967.49,2918.71,2967.49,931792
GOOG,2021-12-29 00:00:00+00:00,2930.09,2943.675,2910.09,2928.59,851236
GOOG,2021-12-30 00:00:00+00:00,2920.05,2941.25,2915.17,2929.0,648851
GOOG,2021-12-31 00:00:00+00:00,2893.59,2927.3,2893.55,2910.88,847077
GOOG,2022-01-03 00:00:00+00:00,2901.49,2911.0,2870.05,2889.51,1261225
GOOG,2022-01-04 00:00:00+00:00,2888.33,2932.2,2876.3225,2911.01,1146389
GOOG,2022-01-05 00:00:00+00:00,2753.07,2885.96,2750.47,2883.62,2482076
GOOG,2022-01-06 00:00:00+00:00,2751.02,2793.72,2735.27,2749.95,1452452
GOOG,2022-01-07 00:00:00+00:00,2740.09,2765.0949,2715.78,2758.1,970412
GOOG,2022-01-10 00:00:00+00:00,2771.48,2772.8,2662.81,2701.98,1704784
GOOG,2022-01-11 00:00:00+00:00,2800.35,2806.59,2736.27,2763.61,1148153
GOOG,2022-01-12 00:00:00+00:00,2832.96,2856.2849,2822.24,2831.09,1182079
GOOG,2022-01-13 00:00:00+00:00,2782.62,2863.71,2778.28,2836.81,1328254
GOOG,2022-01-14 00:00:00+00:00,2795.73,2824.01,2750.0,2750.0,1191296
GOOG,2022-01-18 00:00:00+00:00,2725.81,2747.8299,2712.34,2732.0,1347275
GOOG,2022-01-19 00:00:00+00:00,2713.04,2767.99,2710.0,2738.77,1002757
GOOG,2022-01-20 00:00:00+00:00,2670.13,2758.24,2662.89,2730.28,1096528
GOOG,2022-01-21 00:00:00+00:00,2601.84,2695.21,2600.02,2660.24,2095961
GOOG,2022-01-24 00:00:00+00:00,2607.44,2615.57,2492.839,2520.55,2764602
GOOG,2022-01-25 00:00:00+00:00,2534.71,2586.77,2527.56,2568.71,1800430
GOOG,2022-01-26 00:00:00+00:00,2584.8,2656.15,2543.07,2611.85,1981544
GOOG,2022-01-27 00:00:00+00:00,2582.42,2652.1988,2578.9,2627.22,1514251
GOOG,2022-01-28 00:00:00+00:00,2665.79,2667.41,2573.89,2600.0,1525878
GOOG,2022-01-31 00:00:00+00:00,2713.97,2716.87,2645.48,2683.96,1702778
GOOG,2022-02-01 00:00:00+00:00,2757.57,2764.0,2691.3645,2756.7,2560160
GOOG,2022-02-02 00:00:00+00:00,2960.73,3042.0,2911.1501,3037.27,4487538
GOOG,2022-02-03 00:00:00+00:00,2853.01,2982.3544,2844.1,2905.9,2846507
GOOG,2022-02-04 00:00:00+00:00,2860.32,2890.705,2796.35,2860.34,2461220
GOOG,2022-02-07 00:00:00+00:00,2778.76,2876.9299,2773.98,2874.18,2230537
GOOG,2022-02-08 00:00:00+00:00,2784.26,2796.7424,2737.46,2779.825,1712752
GOOG,2022-02-09 00:00:00+00:00,2829.06,2843.51,2807.54,2816.995,1431358
GOOG,2022-02-10 00:00:00+00:00,2772.05,2828.62,2761.0,2790.0,1650885
GOOG,2022-02-11 00:00:00+00:00,2682.6,2785.665,2665.77,2775.0,1940440
GOOG,2022-02-14 00:00:00+00:00,2706.0,2723.3299,2666.04,2667.31,1339640
GOOG,2022-02-15 00:00:00+00:00,2728.51,2758.0,2710.7901,2749.43,1328878
GOOG,2022-02-16 00:00:00+00:00,2749.75,2758.92,2696.4728,2728.61,1280483
GOOG,2022-02-17 00:00:00+00:00,2646.17,2736.79,2644.04,2723.0,1548406
GOOG,2022-02-18 00:00:00+00:00,2609.35,2676.48,2606.1405,2660.75,1592930
GOOG,2022-02-22 00:00:00+00:00,2588.05,2638.015,2554.82,2599.7,1922576
GOOG,2022-02-23 00:00:00+00:00,2551.7,2634.98,2550.07,2621.57,1321564
GOOG,2022-02-24 00:00:00+00:00,2653.47,2660.74,2495.29,2500.0,2158254
GOOG,2022-02-25 00:00:00+00:00,2690.39,2707.78,2635.3,2670.51,1311793
GOOG,2022-02-28 00:00:00+00:00,2697.82,2712.81,2656.505,2665.69,1483784
GOOG,2022-03-01 00:00:00+00:00,2683.36,2722.22,2667.57,2689.6,1231996
GOOG,2022-03-02 00:00:00+00:00,2695.03,2712.31,2668.65,2692.165,1198337
GOOG,2022-03-03 00:00:00+00:00,2686.16,2734.2759,2668.62,2719.57,988965
GOOG,2022-03-04 00:00:00+00:00,2642.44,2683.98,2608.17,2667.65,1223612
GOOG,2022-03-07 00:00:00+00:00,2529.29,2638.08,2528.2,2638.08,1958895
GOOG,2022-03-08 00:00:00+00:00,2545.57,2624.93,2517.215,2525.01,1762478
GOOG,2022-03-09 00:00:00+00:00,2677.32,2683.97,2601.76,2628.0,1612872
GOOG,2022-03-10 00:00:00+00:00,2653.64,2670.77,2628.02,2629.25,1213260
GOOG,2022-03-11 00:00:00+00:00,2609.51,2684.0,2605.93,2679.99,1329990
GOOG,2022-03-14 00:00:00+00:00,2534.82,2620.52,2528.26,2611.46,1512693
GOOG,2022-03-15 00:00:00+00:00,2593.21,2610.345,2531.36,2554.83,1514630
GOOG,2022-03-16 00:00:00+00:00,2673.81,2675.42,2584.02,2620.0,1602910
GOOG,2022-03-17 00:00:00+00:00,2692.01,2694.7899,2654.38,2666.42,1199719
GOOG,2022-03-18 00:00:00+00:00,2736.03,2738.27,2658.64,2677.68,2274522
GOOG,2022-03-21 00:00:00+00:00,2729.57,2751.65,2692.23,2736.95,1311843
GOOG,2022-03-22 00:00:00+00:00,2805.55,2830.0,2730.0,2730.0,1485315
GOOG,2022-03-23 00:00:00+00:00,2770.07,2800.5,2763.33,2782.77,1265116
GOOG,2022-03-24 00:00:00+00:00,2826.24,2827.93,2760.7876,2785.45,1027236
GOOG,2022-03-25 00:00:00+00:00,2830.43,2839.19,2793.99,2835.08,946137
GOOG,2022-03-28 00:00:00+00:00,2839.0,2839.53,2796.5627,2813.69,1188654
GOOG,2022-03-29 00:00:00+00:00,2865.0,2883.25,2849.68,2863.21,1433921
GOOG,2022-03-30 00:00:00+00:00,2852.89,2869.61,2843.36,2857.4,1052319
GOOG,2022-03-31 00:00:00+00:00,2792.99,2852.89,2792.38,2848.97,1475816
GOOG,2022-04-01 00:00:00+00:00,2814.0,2819.0,2775.94,2800.2,1174001
GOOG,2022-04-04 00:00:00+00:00,2872.85,2880.875,2816.49,2816.49,954245
GOOG,2022-04-05 00:00:00+00:00,2821.26,2871.8,2818.87,2867.99,926553
GOOG,2022-04-06 00:00:00+00:00,2743.52,2796.97,2728.3622,2783.23,1178730
GOOG,2022-04-07 00:00:00+00:00,2729.3,2754.03,2697.145,2732.36,972427
GOOG,2022-04-08 00:00:00+00:00,2680.21,2725.0,2675.0501,2725.0,821724
GOOG,2022-04-11 00:00:00+00:00,2595.93,2658.7836,2592.35,2658.0,1209367
GOOG,2022-04-12 00:00:00+00:00,2567.49,2648.47,2551.52,2648.47,1150161
GOOG,2022-04-13 00:00:00+00:00,2605.72,2613.115,2568.7719,2572.53,977148
GOOG,2022-04-14 00:00:00+00:00,2545.06,2614.205,2542.23,2612.99,1174168
GOOG,2022-04-18 00:00:00+00:00,2559.22,2574.24,2531.5693,2548.2,745860
GOOG,2022-04-19 00:00:00+00:00,2610.62,2618.075,2549.03,2561.54,1135965
GOOG,2022-04-20 00:00:00+00:00,2564.91,2638.47,2557.8811,2625.68,1126974
GOOG,2022-04-21 00:00:00+00:00,2498.75,2606.15,2493.0,2587.0,1507877
GOOG,2022-04-22 00:00:00+00:00,2392.28,2509.04,2382.81,2500.0,2320515
GOOG,2022-04-25 00:00:00+00:00,2465.0,2465.56,2375.385,2388.59,1726090
GOOG,2022-04-26 00:00:00+00:00,2390.12,2455.0,2383.237,2455.0,2284104
GOOG,2022-04-27 00:00:00+00:00,2300.41,2350.0,2262.485,2287.46,3111906
GOOG,2022-04-28 00:00:00+00:00,2388.23,2408.77,2302.8778,2342.3,1839547
GOOG,2022-04-29 00:00:00+00:00,2299.33,2379.2,2293.88,2351.56,1684655
GOOG,2022-05-02 00:00:00+00:00,2343.14,2346.79,2267.99,2278.13,1513982
GOOG,2022-05-03 00:00:00+00:00,2362.59,2386.0,2332.54,2335.3,1060787
GOOG,2022-05-04 00:00:00+00:00,2451.5,2462.86,2314.77,2360.07,1656826
GOOG,2022-05-05 00:00:00+00:00,2334.93,2424.665,2303.65,2404.41,2154452
GOOG,2022-05-06 00:00:00+00:00,2313.2,2349.97,2282.86,2310.38,1765474
GOOG,2022-05-09 00:00:00+00:00,2261.68,2311.2581,2251.03,2266.07,1726048
GOOG,2022-05-10 00:00:00+00:00,2291.69,2333.82,2267.6657,2320.81,1557889
GOOG,2022-05-11 00:00:00+00:00,2279.22,2333.42,2273.0,2274.21,1825082
GOOG,2022-05-12 00:00:00+00:00,2263.22,2297.13,2202.27,2238.76,2073244
GOOG,2022-05-13 00:00:00+00:00,2330.31,2361.7,2280.0,2296.91,1486878
GOOG,2022-05-16 00:00:00+00:00,2295.85,2332.15,2286.7,2307.68,1164119
GOOG,2022-05-17 00:00:00+00:00,2334.03,2344.55,2306.75,2344.55,1078804
GOOG,2022-05-18 00:00:00+00:00,2248.02,2313.9134,2242.84,2304.75,1399138
GOOG,2022-05-19 00:00:00+00:00,2214.91,2271.75,2209.36,2236.82,1459587
GOOG,2022-05-20 00:00:00+00:00,2186.26,2251.0,2127.46,2241.71,1879301
GOOG,2022-05-23 00:00:00+00:00,2233.33,2240.11,2183.085,2202.08,1577911
GOOG,2022-05-24 00:00:00+00:00,2118.52,2127.9,2044.16,2127.55,3019319
GOOG,2022-05-25 00:00:00+00:00,2116.79,2130.8938,2084.225,2102.84,1894967
GOOG,2022-05-26 00:00:00+00:00,2165.92,2179.105,2109.76,2121.01,1514374
GOOG,2022-05-27 00:00:00+00:00,2255.98,2257.36,2191.0,2195.77,1496221
GOOG,2022-05-31 00:00:00+00:00,2280.78,2328.67,2251.45,2261.58,2565096
GOOG,2022-06-01 00:00:00+00:00,2282.74,2347.98,2271.01,2298.63,1431464
GOOG,2022-06-02 00:00:00+00:00,2354.92,2357.96,2266.16,2283.76,1374770
GOOG,2022-06-03 00:00:00+00:00,2291.28,2327.29,2273.36,2319.85,1247604
GOOG,2022-06-06 00:00:00+00:00,2340.21,2387.9696,2330.5658,2334.85,1189336
GOOG,2022-06-07 00:00:00+00:00,2344.59,2354.9725,2302.5101,2312.96,1320677
GOOG,2022-06-08 00:00:00+00:00,2344.76,2372.92,2333.935,2337.53,1127213
GOOG,2022-06-09 00:00:00+00:00,2298.36,2367.0,2297.34,2326.83,1157080
GOOG,2022-06-10 00:00:00+00:00,2228.55,2269.94,2217.22,2255.625,1567487
GOOG,2022-06-13 00:00:00+00:00,2137.53,2184.37,2131.7611,2148.92,1837810
GOOG,2022-06-14 00:00:00+00:00,2143.88,2169.15,2127.04,2137.8,1274047
GOOG,2022-06-15 00:00:00+00:00,2207.81,2241.26,2162.375,2177.99,1659601
GOOG,2022-06-16 00:00:00+00:00,2132.72,2185.81,2115.8501,2162.99,1765662
GOOG,2022-06-17 00:00:00+00:00,2157.31,2184.99,2112.5706,2130.7,2175833
GOOG,2022-06-21 00:00:00+00:00,2240.3,2253.46,2185.87,2194.04,1950514
GOOG,2022-06-22 00:00:00+00:00,2240.68,2275.39,2214.4857,2223.26,1196086
GOOG,2022-06-23 00:00:00+00:00,2253.69,2263.93,2220.58,2259.0,1235486
GOOG,2022-06-24 00:00:00+00:00,2370.76,2372.75,2272.06,2272.06,1956138
GOOG,2022-06-27 00:00:00+00:00,2332.45,2385.0,2320.015,2378.7,1641965
GOOG,2022-06-28 00:00:00+00:00,2251.43,2357.13,2248.88,2327.02,1415811
GOOG,2022-06-29 00:00:00+00:00,2245.13,2273.29,2231.0801,2242.97,931393
GOOG,2022-06-30 00:00:00+00:00,2187.45,2226.596,2146.2,2209.99,1902302
GOOG,2022-07-01 00:00:00+00:00,2181.62,2196.1273,2142.1,2166.74,1551394
GOOG,2022-07-05 00:00:00+00:00,2277.74,2281.0516,2124.9901,2150.29,1821469
GOOG,2022-07-06 00:00:00+00:00,2304.27,2327.04,2245.01,2281.84,1442634
GOOG,2022-07-07 00:00:00+00:00,2386.12,2397.2399,2310.68,2320.16,1609197
GOOG,2022-07-08 00:00:00+00:00,2403.37,2408.7,2350.28,2351.0,1454110
GOOG,2022-07-11 00:00:00+00:00,2330.45,2375.89,2324.69,2373.0,1341523
GOOG,2022-07-12 00:00:00+00:00,2296.99,2356.9899,2292.3001,2336.77,1248508
GOOG,2022-07-13 00:00:00+00:00,2243.74,2303.1399,2236.46,2252.78,1947943
GOOG,2022-07-14 00:00:00+00:00,2228.8,2239.75,2186.51,2216.52,1618277
GOOG,2022-07-15 00:00:00+00:00,2255.34,2280.01,2236.45,2259.26,1716538
GOOG,2022-07-18 00:00:00+00:00,109.91,114.8,109.3,113.44,33247345
GOOG,2022-07-19 00:00:00+00:00,114.62,114.81,110.5,111.73,30992331
GOOG,2022-07-20 00:00:00+00:00,114.7,116.33,113.26,114.06,26780088
GOOG,2022-07-21 00:00:00+00:00,115.04,115.21,111.91,115.09,27267848
GOOG,2022-07-22 00:00:00+00:00,108.36,113.18,107.6,111.81,44455304
GOOG,2022-07-25 00:00:00+00:00,108.21,110.58,107.01,108.88,28289942
GOOG,2022-07-26 00:00:00+00:00,105.44,107.74,104.76,107.43,36626630
GOOG,2022-07-27 00:00:00+00:00,113.6,114.4,108.42,109.6,41474618
GOOG,2022-07-28 00:00:00+00:00,114.59,114.7,111.851,112.8,23303844
GOOG,2022-07-29 00:00:00+00:00,116.64,116.9,113.23,113.4,31336183
GOOG,2022-08-01 00:00:00+00:00,115.48,117.12,114.69,115.53,22856202
GOOG,2022-08-02 00:00:00+00:00,115.9,117.08,114.26,114.43,17911039
GOOG,2022-08-03 00:00:00+00:00,118.78,119.42,116.15,116.34,25302816
GOOG,2022-08-04 00:00:00+00:00,118.87,119.5,117.71,118.3,15757698
GOOG,2022-08-05 00:00:00+00:00,118.22,118.86,116.71,116.93,15615663
GOOG,2022-08-08 00:00:00+00:00,118.14,120.86,117.83,119.12,17061112
GOOG,2022-08-09 00:00:00+00:00,117.5,118.2,116.56,117.99,15424257
GOOG,2022-08-10 00:00:00+00:00,120.65,121.78,119.36,119.59,20497021
GOOG,2022-08-11 00:00:00+00:00,119.82,122.3402,119.55,122.08,16671627
GOOG,2022-08-12 00:00:00+00:00,122.65,122.65,120.4001,121.16,16121087
GOOG,2022-08-15 00:00:00+00:00,122.88,123.26,121.57,122.21,15524951
GOOG,2022-08-16 00:00:00+00:00,122.51,123.2276,121.535,122.32,15626171
GOOG,2022-08-17 00:00:00+00:00,120.32,122.15,120.2,120.93,17589157
GOOG,2022-08-18 00:00:00+00:00,120.86,121.69,119.5502,120.23,15652029
GOOG,2022-08-19 00:00:00+00:00,118.12,120.0,117.67,119.87,20186983
GOOG,2022-08-22 00:00:00+00:00,115.07,116.5,114.67,116.1,19316024
GOOG,2022-08-23 00:00:00+00:00,114.77,115.93,114.3,114.32,14390691
GOOG,2022-08-24 00:00:00+00:00,114.7,115.7171,113.78,114.45,16051174
GOOG,2022-08-25 00:00:00+00:00,117.7,117.78,115.05,115.15,14874666
GOOG,2022-08-26 00:00:00+00:00,111.3,116.6,111.22,115.81,31698668
GOOG,2022-08-29 00:00:00+00:00,110.34,111.96,109.81,110.78,20347494
GOOG,2022-08-30 00:00:00+00:00,109.91,111.37,108.8,111.03,20548202
GOOG,2022-08-31 00:00:00+00:00,109.15,111.77,109.05,111.63,25897978
GOOG,2022-09-01 00:00:00+00:00,110.55,111.22,108.19,109.2,22784385
GOOG,2022-09-02 00:00:00+00:00,108.68,111.675,108.13,111.34,20618080
GOOG,2022-09-06 00:00:00+00:00,107.48,108.88,106.51,108.135,20529528
GOOG,2022-09-07 00:00:00+00:00,110.48,110.99,107.615,107.76,22987178
GOOG,2022-09-08 00:00:00+00:00,109.42,110.58,108.06,109.18,21660654
GOOG,2022-09-09 00:00:00+00:00,111.78,112.0,110.0,110.05,21745034
GOOG,2022-09-12 00:00:00+00:00,111.87,112.64,110.93,111.99,19732905
GOOG,2022-09-13 00:00:00+00:00,105.31,109.37,105.0,108.89,33014991
GOOG,2022-09-14 00:00:00+00:00,105.87,106.1,104.5,105.44,22115805
GOOG,2022-09-15 00:00:00+00:00,103.9,106.21,103.31,105.01,26494933
GOOG,2022-09-16 00:00:00+00:00,103.63,104.03,101.855,102.97,64540115
GOOG,2022-09-19 00:00:00+00:00,103.85,104.02,102.37,102.54,19738603
GOOG,2022-09-20 00:00:00+00:00,101.83,103.17,101.12,102.88,24001668
GOOG,2022-09-21 00:00:00+00:00,100.01,103.49,99.99,102.24,26596757
GOOG,2022-09-22 00:00:00+00:00,100.57,101.68,99.41,99.45,21145595
GOOG,2022-09-23 00:00:00+00:00,99.17,100.11,98.01,100.06,25656959
GOOG,2022-09-26 00:00:00+00:00,98.81,100.44,98.38,98.61,22437938
GOOG,2022-09-27 00:00:00+00:00,98.09,100.46,97.34,99.91,24224988
GOOG,2022-09-28 00:00:00+00:00,100.74,101.4,97.8,98.02,24616999
GOOG,2022-09-29 00:00:00+00:00,98.09,99.3,96.52,99.3,21921520
GOOG,2022-09-30 00:00:00+00:00,96.15,99.494,96.03,97.73,26277832
GOOG,2022-10-03 00:00:00+00:00,99.3,99.97,97.02,97.22,24840028
GOOG,2022-10-04 00:00:00+00:00,102.41,102.72,101.04,101.04,22580931
GOOG,2022-10-05 00:00:00+00:00,102.22,102.74,99.74,100.69,18475515
GOOG,2022-10-06 00:00:00+00:00,102.24,103.73,101.5,101.5,17156240
GOOG,2022-10-07 00:00:00+00:00,99.57,101.42,99.21,100.65,24249910
GOOG,2022-10-10 00:00:00+00:00,98.71,99.99,97.87,99.85,16529897
